,Unnamed: 0,name,CIN,NIC,amount
0,1365,Shamyak Investment Private Limited,,,643000000
1,1261,Reliance Infrastructure Limited,L99999MH1929PLC001530,99.0,253500000
2,515,Gagandeep Credit Capital Private Limited,U65990MH1993PTC073769,,250000000
3,1167,Piramal Finance Private Limited,U99999MH1974PTC129493,99.0,119400000
4,1200,Prescient Securities Private Limited,U65929MH2003PTC141455,,100000000
5,1377,Shree Ramkrishna Exports Private Limited,U36912MH2012PTC229115,36.0,47156000
6,838,Kone Elevator India Private Limited,U29141TN1984FTC010913,29.0,42000000
7,47,Ajeet Seeds Private Limited,U01100MH1986PTC039814,,40200000
8,731,Ireo Private Limited,U70101DL2004PTC125163,,36923530
9,984,Microsoft India (R&D;) Private Limited,U72200DL1998PTC093824,72.0,31520000
10,644,Honeywell Turbo Technologies (India) Private Limited,U29299PN2004PTC019904,,22800000
11,697,Indianoil Petronas Private Limited,U74899DL1998PTC097297,74.0,19700000
12,1144,Panasonic India Private Limited,U51395TN2006PTC060554,,19569000
13,619,Hewlett-Packard Globalsoft Private Limited,U72300KA2000PTC026968,63.0,15449152
14,1023,Mulberry Silks Limited,U85110KA1982PLC005007,,15176000
15,879,Laurus Labs Private Limited,U24239AP2005PTC047518,24.0,14862835
16,45,Ajanta Private Limited,U33300GJ1989PTC013081,,14389536
17,221,Bilakhia Holdings Private Limited,U67120GJ1992PTC017523,,14300000
18,427,Elecon Engineering Company Limited,L29259GJ1960PLC001082,29.0,14192000
19,180,Bajaj Resources Limited,U24100DL1940PLC273610,,14000000
20,858,L & T Finance Limited,,,13980060
21,1418,Solverminds Solutions And Technologies Private Limited,U72200TN2004PTC053097,,13894927
22,770,Johnson Lifts Private Limited,U27209TN1981PTC008718,,12800000
23,702,Indo-Mim Private Limited,U28110AP1996PTC023794,,12600000
24,53,Alkem Laboratories Limited,U00305MH1973PLC174201,0.0,12000000
25,1626,Unitedhealth Group Information Services Private Limited,U74999DL2002PTC186567,,11200000
26,260,Buhler (India) Private Limited,U85110KA1991PTC011695,,11045624
27,785,Jyoti Ceramic Industries Private Limited,U99999MH1973PTC016635,,11000000
28,1287,Roquette Riddhi Siddhi Private Limited,U15326GJ2010PTC062115,15.0,10700000
29,1695,Wells Fargo India Solutions Private Limited,U72200TG2006PTC051001,,10667280
30,103,Anu Projects Consultants And Engineers Pvt Ltd,U74140MH1986PTC041595,,10510000
31,240,Bny Mellon International Operations (India) Private Limited,U72900PN2004FTC022163,,10093483
32,764,Jivraj Tea Limited,U01130GJ1981PLC004892,,10000000
33,1408,Smartwheels Private Limited,,,10000000
34,864,L&T; Infrastructure Finance Company Limited,,,10000000
35,1311,Sable Waghire And Co Private Limited,U16003MH1966PTC013636,,9400000
36,1309,Sabic India Private Limited,U51109DL1992PTC049160,,9260000
37,511,Future Gaming And Hotel Services Private Limited,U51901TZ1991PTC003583,,8851270
38,1175,Poddar Tyres Limited,U25100MH1981PLC023895,25.0,8788000
39,848,Kpmg Global Services Private Limited,U74140HR2010PTC041413,,8584600
40,636,Hitachi Consulting Software Services India Private Limited,U72200TG1992PTC014347,,8180028
41,254,Broadridge Financial Solutions (India) Private Limited,U74999TG2007PTC052368,,8000000
42,648,Hsbc Electronic Data Processing India Private Limited,,,7764733
43,1007,Mobis India Limited,U50300TN2005PLC056533,,7606417
44,1106,Nvidia Graphics Private Limited,U32106KA2004PTC033880,,7588950
45,1509,Synopsys (India) Private Limited,U85110KA1995PTC017634,,7211899
46,815,Kerala State Backward Classes Development Corporation Limited,,,7100000
47,1524,Taqa Neyveli Power Company Private Limited,U40109TN1993PTC026223,,6951838
48,972,Mercedes-Benz Research And Development India Private Limited,U73100KA1996PTC021375,,6909247
49,206,Bhairavnath Sugar Works Limited,U15421PN2000PLC134301,,6716000
50,973,Meril Life Sciences Private Limited,U24239GJ2007PTC051137,,6500000
51,324,Clix Capital Services Private Limited,,,6363000
52,1272,Riviera Home Furnishings Private Limited,U74899DL1995PTC067065,,6351000
53,348,Credit Suisse Services (India) Private Limited,U93090PN2006PTC133169,,6136580
54,971,Mercedes-Benz India Private Limited,U34102PN1994PTC083160,,5740000
55,362,D. E. Shaw India Private Limited,U72200TG1996PTC025388,,5603789
56,895,Lord India Private Limited,U24295MH1985PTC037482,,5425000
57,473,Exxonmobil Company India Private Limited,U45303MH1996PTC099555,,5420000
58,1659,Vem Technologies Private Limited,U29300TG1993PTC016474,,5400000
59,1290,Rotex Manufacturers And Engineers Private Limited,U15008MH1971PTC015008,,5400000
60,801,Kanam Latex Industries Pvt Ltd,U25199KL1974PTC002650,,5393350
61,293,Centurylink Technologies India Private Limited,U72200KA2003PTC032613,,5363670
62,79,Ampo Valves India Private Limited,U29120TZ2009PTC015363,,5208546
63,1234,Rajasthan Global Securities Private Limited,U67120DL1995PTC072778,,5151140
64,1201,Pricewaterhousecoopers Private Limited,U74140WB1983PTC036093,,5000000
65,891,Lifestar Pharma Private Limited,U24232DL2004PTC131232,21.0,5000000
66,622,Hillways Construction Company Private Limited,U65993UR1996PTC000283,,5000000
67,295,Cerner Healthcare Solutions Private Limited,U72200KA2004PTC033701,,4906474
68,7,Aachi Masala Foods Private Limited,U15495TN2006PTC060397,,4735000
69,1202,Pricewaterhousecoopers Service Delivery Center (Kolkata) Private Limited,U72200WB2010PTC142115,,4725000
70,92,Ankit Gems Private Limited,U36912MH2011PTC216778,36.0,4700000
71,418,Eaton Industries Private Limited,U29299PN1999PTC018053,,4682000
72,862,L&T; Finance Holdings Limited,,,4624960
73,880,Laxmi Civil Enginnering Services Private Limited,U74210PN2000PTC014696,,4600000
74,998,Mita India Private Limited,U74900DL1998PTC097247,,4548000
75,1403,Sledgehammer Oil Tools Private Limited.,U74991DL2006PTC148561,,4500000
76,771,Johnson Matthey Chemicals India Private Limited,U24110MH2002FTC137100,,4388900
77,1394,Sigma Freudenberg Nok Pvt Ltd,U11202DL2000PTC107504,,4378000
78,555,Godhani Gems Private Limited,U74999MH2011PTC218207,,4300000
79,321,Cleartrail Technologies Private Limited,U31200DL2004PTC179210,,4201000
80,787,K P Sanghvi International Private Limited,U51398MH1992PTC069038,,4150000
81,64,Altruist Technologies Private Limited,U72200HP2005PTC028970,,4121000
82,1152,Passionate Investment Management Private  Limited,,,4070000
83,1108,Nyk Line (India) Private Limited,U99999MH1992PTC102550,,4042000
84,1081,Nikon India Private Limited,U74999HR2007FTC036820,,4041000
85,118,Aradhana Investments Ltd,L67120WB1973PLC029135,,4000000
86,795,Kalamandir Jewellers Limited,U36911MH2009PLC269643,,4000000
87,993,Minix Holdings Private Limited,U65990GJ1999PTC035944,,4000000
88,1032,My Healthskape Medicals Private Limited,U33100MH2003PTC139877,,3964965
89,304,Chennai Radha Engineering Works Private Limited,U28113TN2005PTC056452,,3937000
90,276,Camphor And Allied Products Ltd,L17299GJ1972PLC011626,13.0,3900000
91,1660,Venco Research And Breeding Farm Private  Limited,,,3810000
92,318,Citrix R&D; India Private Limited,U72300KA2001PTC029871,,3740032
93,91,Anjana Software Solutions Private Limited,U72300TN1999PTC043603,,3700000
94,538,Gerdau Steel India Private Limited,U27109AP1993PTC015499,,3700000
95,761,Jinabakul Forge Private Limited,U29222KA1981PTC004417,,3610000
96,1310,Sabic Research And Technology Private Limited,U17119KA1998PTC080762,,3599667
97,234,Blackberry India Private Limited,U51909DL2004PTC127902,,3554647
98,227,Biochem Pharmaceutical Industries Limited Part Ix,U24230MH2004PLC149397,21.0,3550000
99,341,Copal Research India Private Limited,U72900DL2002PTC118236,72.0,3527185
100,741,J. M. Huber India Private Limited,U24110MH1992PTC068071,,3507270
101,738,J Mitra And Co Private Limited,U52110DL1969PTC005010,,3500000
102,1066,Nec Technologies India Private Limited,U74899DL2005PTC142239,,3500000
103,385,Deutsche Investments India Private Limited,U65923MH2005PTC153486,,3500000
104,995,Miot Hospitals Private Limited,U85110TN1994PTC026791,,3500000
105,1704,Western Outdoor Interactive Private Limited,U72200MH1996PTC099074,,3414000
106,1393,Sigma Aldrich Chemicals Private Limited,U02411KA2003PTC031488,,3318167
107,1010,Momentive Performance Materials (India) Private Limited,U24299KA1995PTC019244,,3308940
108,782,Juniper Networks India Private Limited,U72200MH2000FTC126336,,3301778
109,1208,Prokarma Softech Private Limited,U72200TG2004PTC043074,,3243410
110,1503,Synchrony International Services Private Limited,U72200TG2008PTC088404,,3225000
111,1228,Rabo India Finance Limited,U65929HR1998PLC037509,64.0,3176020
112,77,Amnet Systems Private Limited,U72300TN2000PTC045280,,3169626
113,483,Fidelity Business Services India Private Limited,U72200KA2002PTC056311,,3140000
114,69,Amba Research (India) Private Limited,U73100KA2004PTC034485,,3132036
115,241,Bobst India Private Limited,U51909MH1995PTC091771,,3125000
116,945,Manish Packaging Private Limited,U25209GJ1997PTC031603,,3093000
117,1511,T P Roy Chowdhury & Co Private Limited,U51109WB1956PTC023162,,3085000
118,611,Head Infotech India Pvt Ltd,U72200TG2006PTC049254,72.0,3050000
119,381,Den Satellite Network Private Limited,U74990MH2008PTC177440,,3010000
120,102,Antique Finance Private Limited,U65990MH2005PTC156892,,3000000
121,1075,Neptunus Power Plant Services Private Limited,U74210MH1996PTC100435,,3000000
122,1149,Parle Biscuits Private Limited,U15412MH1974PTC017797,10.0,2978000
123,377,Dell Business Process Solutions India Private Limited,U72900KA2011PTC060769,,2964372
124,894,Lmj International Ltd.,U51226WB1992PLC056951,,2931500
125,1576,Tieto Software Technologies Limited,U72200PN2004PLC019214,,2870000
126,1461,Statestreet Global Advisors India Private Limited,,,2850000
127,1446,Sri Lalitha Enterprises Industries Private Limited,U15311AP2004PTC044806,,2800000
128,694,Indian Renewable Energy Development Agen Cy Limited,,,2770000
129,233,Bla Coke Private Limited,U23101MH2005PTC189826,,2768795
130,484,Fidelity Information Services India Private Limited,U72200DL2002PTC114964,,2737383
131,675,Il&Fs; Rail Limited,,,2630000
132,1550,Texas Instruments (India) Private Limited,U29110KA1985PTC007067,,2622205
133,475,Eygbs (India) Private Limited,U74140KA2006PTC040620,,2596270
134,1056,Natural Sugar And Allied Industries Limited,U72214MH1998PLC121048,,2562539
135,953,Marquis Technologies Private Limited,U74999MH2008PTC184709,,2500000
136,1361,Shah Virchand Govanji Jewellars Private Limited,U36939GJ1996PTC030254,,2500000
137,268,Cadence Ams Design India Private Limited,U30006KA2005PTC036014,,2500000
138,866,La-Fin Financial Services Private Limited,U99999MH1996PTC102913,,2500000
139,737,J M Mhatre Infra Private Limited,U45202MH2010PTC199433,,2500000
140,796,Kaleesuwari Refinery Private Limited,U15142TN1984PTC010763,,2500000
141,810,Kc Maritime (India) Limited,U63032MH1997PLC109979,63.0,2500000
142,1668,Vibracoustic India Private Limited,,,2495869
143,1513,T-3 Energy Services India Private Limited,U40200PN2008FTC135459,40.0,2492701
144,85,Andhra Organics Limited,U24116TG1991PLC012314,,2418516
145,1324,Salcomp Manufacturing India Private Limited,U30007TN2006PTC059330,,2390778
146,232,Bitwise Solutions Private Limited,U72200PN1997PTC015155,,2382924
147,11,Abad Fisheries Private Limited,U05001KL2006PTC019362,,2364534
148,843,Kothari Metals Ltd,U28113WB1977PLC031033,,2325000
149,1709,Xilinx India Technology Services Private Limited,U72200TG2006PTC049156,,2321721
150,312,Cibersites India Private Limited,U72200KA2000PTC026214,,2304000
151,298,Chandukaka Saraf And Sons Private Limited,U27205PN2006PTC128578,,2286279
152,489,Fisher Biopharma Services (India) Private Limited,U73100GJ2006PTC047438,,2273000
153,1252,Rbs Financial Services (India) Private Limited,U67120MH1997PTC112574,,2232315
154,530,Ge India Exports Private Limited,U33130DL2000PTC232915,,2212000
155,81,Amrut Distilleries Private Limited,U51101KA1972PTC002246,,2200000
156,1119,Omega Renk Bearings Private Limited,U34300MP2000PTC014435,,2200000
157,135,Aspee Agro Equipment Pvt Ltd,U29219GJ1972PTC002087,29.0,2175519
158,1478,Sukhbir Agro Energy Limited,U40101PB1999PLC023197,,2171000
159,1705,Williams Lea India Private Limited,U72100TN2004PTC062866,,2170819
160,1332,Sandisk India Device Design Centre Private Limited,U72300KA2005PTC035961,,2128635
161,300,Chem-Trend Chemicals Company Private Limited,U99999KA2001PTC041703,,2121000
162,889,Liebherr Machine Tools India Private Limited,U02922KA2003PTC032082,,2110000
163,239,Bnp Paribas India Solutions Private Limited,U72200MH2005PTC151511,,2100000
164,445,Emulex Communications Private Limited,U72900KA2001PTC028447,,2063752
165,729,Iqor India Services Private Limited,U74140DL2004PTC129563,,2046703
166,1711,Yamazaki Mazak India Private Limited,U29299PN2008FTC131662,,2020710
167,8,Aaiswarya Dyeing Mills Private Limited,U17119GJ1993PTC020372,,2007000
168,800,Kalyan Silks Trichur Private Limited,U51311KL2001PTC014624,,2004278
169,166,B L Lifesciences Private Limited,U33112DL1999PTC098641,,2000000
170,379,Deloitte Shared Services India Private Limited,U65990MH1979PTC021763,,2000000
171,878,Latent View Analytics Private Limited,U72300TN2006PTC058481,,2000000
172,544,Global Information Systems Technology Private Limited,U74899DL1990PTC040480,,2000000
173,1194,Pramol Traders Holdings Private Limited,U67120GJ2006PTC047601,,2000000
174,910,Madurai Power Corporation Private Limited,U40105TN1995PTC047928,,2000000
175,290,Centex International Private Limited,U18109DL2010PTC206616,,1993425
176,711,Infinera India Private Limited,U72900KA2002PTC030982,,1960000
177,456,Ess Kay Fincorp Private Limited,,,1960000
178,55,Allegis Services (India) Private Limited,U74140KA2005PTC035624,,1955000
179,438,Emco Goa Private Limited,U13209GA1965PTC000046,,1940000
180,1673,Vimalachal Print And Pack Pvt Ltd,U74950GJ1993PTC020669,,1920111
181,669,Ifm Electronic India Private Limited,U31200PN2009FTC133682,,1899884
182,1450,Srijan Realty Private Limited,U51909WB1996PTC078214,,1890000
183,476,Facilities And Building Solutions Private Limited,U74140KA2005PTC035529,,1871872
184,592,Gulf Asphalt Private Limited,,,1861950
185,1667,Viat Instruments Pvt.Ltd.,U51909WB1994PTC065391,,1856000
186,274,Cameron Manufacturing (India) Private Limited,U29120TZ2001PTC009632,,1848147
187,1211,Property Ventures (India) Private Limited,U45200RJ2000PTC034234,,1815000
188,1072,Nelson Global Products India Private Limited,U29112PN1999PTC013401,,1800000
189,173,Bageecha Glades Private Limited,U01122MH1997PTC108283,,1800000
190,754,Jehan Numa Palace Hotel Pvt Ltd,U55101MP1972PTC001137,,1800000
191,1221,R C Sood And Co Private Ltd,U74899DL1954PTC002361,74.0,1800000
192,809,Kaynes Technology India Private Limited,U29128KA2008PTC045825,,1744064
193,1179,Polyplastics Industries (India) Private Limited.....,U51103HR2008PTC038320,,1744000
194,1124,Onkar Infotech Private Limited,U72200DL2000PTC103314,,1740000
195,154,Avanti Institute Of Cardiology Pvt Ltd,U85100MH1993PTC074769,,1731429
196,168,Baazar Retail Limited,U51311WB1998PLC087828,,1707200
197,805,Karnataka Antibiotics And Pharmaceuticals Limited,U24231KA1981GOI004145,21.0,1705000
198,950,Marion Biotech Private Limited,U24233DL1999PTC099895,,1700000
199,659,I P Support Services (India) Pvt Ltd,U74210DL1967PTC016861,,1700000
200,1321,Saj Food Products Private Limited,U15315WB2000PTC092589,,1694000
201,266,C.P.Aquaculture (India) Private Limited,U05001TN1994PTC029251,,1675998
202,1466,Stellar Information Technology Private Limited,U72300DL2006PTC147288,,1675000
203,839,Koshambh Multitred Pvt Ltd,U74999GJ1995PTC025198,,1663000
204,1139,Pai International Electronics Limited,U05190KA2005PLC035984,,1661546
205,408,Dsl Hydrowatt Limited,U40101HP2001PLC024791,40.0,1600000
206,1371,Shivsagar Bidi Works Pvt Ltd,U16002MH1983PTC031012,,1600000
207,51,Alco Company Private Limited,U66010MH1944PTC004164,,1600000
208,447,Endurance Technologies Private Limited (Cn),U34102MH1999PTC123296,29.0,1600000
209,1447,Sri Narasus Coffee Company Private Limited,U15492TZ2009PTC015131,,1600000
210,1218,Qed Agro Systems Private Limited,U01409KA2000PTC026862,1.0,1542001
211,1342,Sarat Chatterjee & Co (Visakhapatnam) Pvt Ltd,U25202WB1975PTC029962,,1541832
212,812,Keerthi Estates Private Limited,U70101TG1994PTC018980,,1535606
213,261,Bunge India Private Limited,U15421MH1958PTC174267,,1500030
214,884,Legris India Private Limited,U74899HR2001PTC048721,,1500000
215,1602,Tropical Agro System (India) Private Limited,U24210TN1969PTC005774,,1500000
216,1076,Nerul Impex Private Limited,U51100PN1999PTC133269,,1500000
217,1460,Star Chemicals (Bombay) Private Limited,U24100MH1962PTC012351,,1500000
218,403,Doosan Power Systems India Private Limited,U31101DL2000PTC258626,,1490664
219,752,Jay Jay Mills India Private Limited,U17111TZ1999PTC009101,,1490000
220,281,Cargill Global Trading India Private Limited,U51909DL2002PTC118226,51.0,1482243
221,457,Essar Bulk Terminal (Salaya) Limited,U63032MH2007PLC176225,63.0,1475000
222,596,Gupta H.C. Overseas (I) Private Limited,U74900UP2008PTC035071,,1453957
223,2,A L M Industries Limited,U19111DL1996PLC129067,,1443450
224,280,Carclo Technical Plastics Private Limited,U31409KA2007PTC042481,,1428000
225,1458,Standard Radiators Private Limited,U34201GJ1965PTC001320,,1406000
226,987,Milan Laboratories (India) Private Limited,U24230MH2003PTC139736,,1400000
227,1639,VAISHNO DEVI DAIRY PRODUCTS LIMITED,U15203PN2007PLC130147,,1400000
228,1354,Sds Ramcides Cropscience Private Limited,U24117TN1994PTC029550,,1400000
229,121,Ariba Technologies India Private Limited,U72900KA2000PTC027540,,1396800
230,1489,Sungard Solutions (India) Private Limited,U72200PN1993PTC151736,,1386289
231,462,Etisalat Software Solutions Private Limited,U72200KA2007PTC042080,,1362937
232,965,Megawin Switchgear Private Limited,U31200TZ2005PTC012211,,1350000
233,1107,Nyk Auto Logistics (India) Private Limited,U63000MH2004PTC143860,,1350000
234,273,Calsoft Private Limited,U72200PN1998PTC012650,,1337999
235,601,Halliburton Technology India Private Limited,U72900PN2006FTC129234,,1337184
236,1195,Prashant Castech Private Limited,U27310GJ2009PTC056501,,1328250
237,1383,Shri Gurudatt Sugars Limited,U15424PN2000PLC014367,,1309300
238,980,Metrohm India Limited,U29130TN1997PLC037666,,1300000
239,821,Khandwala Enterprise Private Limited,U51909GJ2004PTC069573,,1300000
240,1341,Saraogi Udyog Private Limited,U23109WB1996PTC079509,,1297000
241,1182,Poona Shims Pvt Ltd,U29302PN1981PTC024033,,1286267
242,1238,Rajkamal Builders Infrastructure Private Limited,U45201GJ1998PTC035058,,1272949
243,76,Ametek Instruments India Private Limited,U29200KA2008PTC047509,,1260000
244,514,Gadre Marine Export Pvt Ltd,U51223PN1994PTC078366,,1250327
245,451,Ericsson India Private Limited,U74120DL2008FTC180337,,1250000
246,126,Arthanari Loom Centre Textile Private Limited,U18101TZ1991PTC003485,,1250000
247,1305,S R C Aviation Private Limited,U74899DL1995PTC071383,,1236395
248,5,A.B. Grain Spirits Private Limited,U15500PB2005PTC027841,,1236152
249,340,Cooper Corporation Private Limited,U27101PN1982PTC026229,,1202787
250,1136,P S Atree And Co Private Limited,U63040DL1998PTC093350,,1200000
251,651,Htc Holdings Private Limited,U72200TN2005PTC056545,,1200000
252,924,Mahima Real Estate Private Limited,U70101RJ1996PTC011675,,1200000
253,1462,Statestreet Hcl Services (India) Private  Limited,,,1200000
254,1222,R P Basmati Rice Limited,U15312HR2001PLC034739,,1200000
255,562,Grace Davison Chemicals India Private Limited,U24118MH1995PTC085349,,1200000
256,678,Ims Health Technology Solutions India Private Limited,U72200KA2004FTC033439,,1200000
257,364,Dabwali Transport Company Limited,U60231PB1943PLC003353,,1200000
258,976,Meso Private Limited,U15140MH1992PTC068508,,1197198
259,788,K Patel Chemo-Pharma Private Limited,U24299GJ1974PTC002632,,1193000
260,799,Kals Distilleries Private Limited,U15511TN2007PTC065347,,1179000
261,1664,Verisign Services India Private Limited,U72900KA2003PTC031887,,1178286
262,194,Beam Global Spirits & Wine (India) Private Limited,U73100DL1991PTC046606,,1173000
263,201,Best Foods Limited,U55109CH2003PLC025876,55.0,1168000
264,1249,Ratilal Bhagwandas Construction Company P Ltd,U70101MH1990PTC059577,,1162100
265,1404,Sling Media Private Limited,U72200KA2004PTC034737,,1160000
266,1017,Mrc Transolutions Private Limited,U63040MH1985PTC038116,,1155000
267,745,Jagruti Sugar & Allied Industries Limited,U15424MH2009PLC193824,,1154010
268,957,Matrix Comsec Private Limited,U72200GJ1998PTC034047,,1136425
269,639,Hitesh Plastics Private Limited,U25209MH1989PTC050912,,1134735
270,985,Microsoft Research Lab India Private Limited,U73100DL2004PTC129754,72.0,1128300
271,350,Crest Premedia Solutions Private Limited,U72200PN2006FTC128967,,1115000
272,1360,Seyad Home Industries Private Limited,U51909TN2002PTC049789,,1107000
273,1381,Shri Ashutosh Structures Private Limited,U40109CT2002PTC015421,,1100000
274,637,Hitachi Hi-Rel Power Electronics Private Limited,U72200GJ1990PTC013246,,1090000
275,3,A R B Bearings Limited,U74899DL1990PLC039861,,1084000
276,1389,Shweta Infrastructure And Housing (India) Private Limited,U45200MH2005PTC155493,,1083048
277,981,Michell Bearings (India) Private Limited,U29299KA1993PTC014492,,1076079
278,1658,Veer Overseas Limited,U51909HR1994PLC032254,,1063650
279,1681,Vision Sponge Iron Private Limited,U94315WB2002PTC094315,,1050597
280,407,Dresser Valve India Private Limited,U29100TZ1995PTC014379,,1046205
281,716,Ingenero Technologies (India) Private Limited,U51900MH2000FTC128454,,1024000
282,713,Infosoft Global Private Limited,U72200WB2005PTC101108,,1005000
283,336,Concordia International (India) Services Private Limited,,,1003302
284,1372,Shoft Shipyard Private Limited,U74210MH2001PTC130617,,1003000
285,263,C L Gupta Exports Limited,U74999DL2004PLC125090,74.0,1000220
286,359,D B Engineering Private Ltd,U74899DL1986PTC026541,,1000000
287,1212,Pruksa India Housing Private Limited,U70102KA2009PTC048926,,1000000
288,1518,Talbros International Limited,U31909HR1980PLC010226,31.0,1000000
289,472,Extreme Networks India Private Limited,U72100TN2004PTC054682,,1000000
290,915,Mahalakshmi Infraprojects Limited,U45203PN2000PLC015630,45.0,1000000
291,1496,Supriya Lifescience Limited,U51900MH2008PLC180452,,1000000
292,1330,Sanand Properties Private Limited,U70101PN1997PTC111093,,1000000
293,1666,Vf Brands India Private Limited,U17110KA2006PTC067548,,1000000
294,287,Ceb India Private Limited,U74140HR2004PTC035324,,996410
295,138,Assystem Technologies India Private Limited,U72900KA2008FTC046904,,968000
296,148,Autonomy Software Asia Private Limited,U72200KA2000PTC026561,,955054
297,1620,Unicorn Natural Products Limited,U01119AP1992PLC014205,1.0,950000
298,330,Coface India Credit Management Services Private Limited,U74140MH2001FTC130702,,945000
299,73,Ambuja Intermediates Limited,U24231GJ1988PLC011091,21.0,938311
300,246,Bothra Shipping Services Private Limited,U61200WB2011PTC166481,,936124
301,496,Fluor Daniel India Private Limited,U74899DL1995PTC070677,,925258
302,603,Harbinger Systems Private Limited,U72200PN1997PTC112423,,925000
303,1587,Tractebel Engineering Private Limited,U74899DL2000PTC104134,,885838
304,635,Hirotec India Private Limited,U72200TZ2005PTC011837,,877500
305,531,General Industrial Controls Pvt Ltd,U31200MH1974PTC017615,,876000
306,1414,Sodium Metal Pvt Ltd,U24231GJ1970PTC001715,,860000
307,613,Hemani Chemiorganic Private Limited,U24110MH1995PTC095638,,850000
308,681,Indapur Dairy And Milk Products Limited,U15204PN2001PLC016485,,839014
309,882,Lease Plan India Private Limited,U74899DL1983PTC015230,,834928
310,956,Mastercard Mobile Transactions Solutions Private Limited,U72200GJ2005PTC046802,72.0,820950
311,136,Aspinwall And Company Limited,U74999KL1920PLC001389,,820000
312,746,Jai India Weaving Mills Private Limited,U17115TZ2003PTC010472,,817331
313,84,Anant Commodities Private Limited,U15143MP2002PTC015203,,800000
314,1220,Quest Global Engineering Private Limited,U72200KA2008PTC047200,,800000
315,1358,Semikron Electronics Private Limited,U32106MH1983PTC029136,,800000
316,1694,Weir Minerals (India) Private Limited.,U74899DL1992PTC050465,,798860
317,1415,Software Paradigms Infotech Private Limited,U72200KA2008PTC045684,,795825
318,162,Axis Electrical Components (India) Private Limited,U31200MH1997PTC108174,,790347
319,480,Fena Private Limited,U74899DL1986PTC025829,,766000
320,1157,Pennar Engineered Building Systems Limited,U45400AP2008PLC057182,,760000
321,814,Kennametal Shared Services Private Limited,U64202KA2005PTC035759,,750000
322,61,Altair Engineering India Private Limited,U72200KA1996PTC020391,,750000
323,876,Lanxess India Private Limited,U24119MH2004PTC158377,,750000
324,40,Agni Steels Private Limited,U27310TZ1989PTC003060,,749051
325,101,Antares Systems Limited,U72900KA1997PLC023187,,744219
326,1172,Pnb Housing Finance Limited,U65922DL1988PLC033856,64.0,741606
327,1422,Sonus Networks India Private Limited,U72200KA2004PTC033788,,723368
328,1642,Vadamalayan Hospitals Private Limited.,U85110TN2008PTC067227,,714000
329,58,Allscripts (India) Private Limited,U72200GJ1998PTC034948,,712732
330,1243,Ramkrishy Infrastructure Private Limited,U45203KA2008PTC045706,,710533
331,1080,Nidec Industrial Automation India Private Limited,,,708231
332,919,Maharashtra Enviro Power Limited,U40105MH2005PLC150780,,705901
333,129,Ashida Electronics Private Limited,U21109MH1994PTC081216,,705504
334,1000,Mitsu Private Limited,U24231GJ1993PTC038905,,700000
335,1003,Mixon Holdings Private Limited,U65990GJ1999PTC035945,,700000
336,412,Dte Exports Pvt Ltd,U16001AP1994PTC017972,,700000
337,156,Avinash Developers Private Limited,U45201CT1997PTC012395,45.0,700000
338,122,Aries Organics Private Limited,U24117GJ1995PTC024832,,700000
339,1180,Pon Pure Chemical India Private Limited,U24111TN1998PTC040872,,700000
340,542,Gina Engineering Company Private Limited,U04520KA1988PTC009201,,692942
341,720,Integral Biosciences Private Limited,U73100DL2007PTC162147,,675000
342,677,Impetus Infotech (India) Private Limited,U72100MP2000PTC014455,,671000
343,1677,Virchow Biotech Private Limited,U24210TG2001PTC036520,,661500
344,313,Ciena Communications India Private Limited,U74900DL2010PTC198324,,659017
345,367,Dalmia Cement East Limited,U45209DL2008PLC175321,45.0,657404
346,769,Johnson Controls Automotive Limited,U34300PN1996PLC015038,,650000
347,1062,Nazareth Foods Private Limited,U15135TN2001PTC047488,,647000
348,717,Inspiron Engineering Private Limited,U28920GJ1996PTC050337,,636000
349,1680,Vishnu Prakash R Punglia Limited,U45203MH2013PLC243252,,628900
350,1090,Nj Indiainvest Private Limited,U67120GJ2000PTC037674,66.0,625000
351,861,L&T; Construction Equipment Limited,,,618000
352,966,Megger (India) Private Limited,U31401MH2009FTC191227,,610000
353,1217,Qburst Technologies Private Limited,U30006KL2004PTC017576,,602398
354,88,Angel Commodities Broking Pvt Ltd,U67120MH1996PTC100872,,600000
355,1133,Overseas Polymers Private Limited,U25209MH1995PTC091368,,600000
356,1123,Omron Automotive Components India Private Limited.,U31908HR2007PTC036926,,600000
357,863,L&T; Hydrocarbon Engineering Limited,,,600000
358,849,Kpmg Resource Centre Private Limited,U74140MH2005PTC153503,,597000
359,837,Komatsu India Private Limited,U29244TN2005PTC058357,29.0,590991
360,197,Bechtel India Private Limited,U74899DL1994FTC058514,,584640
361,568,Great Galleon Ventures Limited,,,584000
362,1429,Spectra Products Private Limited,U74899DL1991PTC046647,,580000
363,1600,Trissur Sand And Gravel Pvt Ltd,U51432KL1991PTC005978,,578300
364,1335,Sankhla Vinyl Private Limited,U27104KA1989PTC009773,,575989
365,1580,Tokyo Plast International Ltd,L25209MH1992PLC069617,,572000
366,1465,Stelco Limited,U27310PB1993PLC013400,,550000
367,676,Imi Mobile Private Limited,U72200TG1987PTC007601,,550000
368,1258,Regency Nirman Limited,U45200MH2005PLC153966,,550000
369,672,Igopl Offshore Private Limited,U11101MH2008PTC183100,,540000
370,28,Aditi Technologies Private Limited,,,522000
371,1256,Real Technical Solutions Private Limited,U74900MH2008PTC180911,,521448
372,1336,Sanmina-Sci India Private Limited,U30007TN2002PTC048391,,510034
373,1433,Spincotech Private Limited,U51507TN2002PTC048571,,500000
374,722,Intense Technologies Limited,L30007TG1990PLC011510,,500000
375,1575,Tieto It Services India Private Limited,U72200PN1994PTC137531,,500000
376,1214,Pudhari Publications Private Limited,U22121PN2004PTC019095,,500000
377,673,Iic Technologies Limited,U72200TG1994PLC017822,,500000
378,1308,Saama Technologies (India) Private Limited,U72200PN1999PTC139628,,500000
379,1432,Spinco Biotech Private Limited,U24294TN1991PTC021876,,500000
380,887,Lgc Promochem India Private Limited,U24230KA1995PTC018443,,500000
381,63,Altitude Investments Private Limited,U74140MH2003PTC141467,,500000
382,1245,Rangoli Portfolio Private Limited,U67120HR2007PTC036613,,500000
383,43,Agson Global Private Limited,U51909DL1997PTC087560,,500000
384,368,Danieli Corus India Private Limited,U74140DL2007FTC170602,,500000
385,465,Evry India Private Limited,U72200KA2006PTC038899,,500000
386,1021,Mtl Instruments Private Limited,U33112TN1989PTC018507,,494960
387,216,Bhimrajka Impex Limited,U51900MH1990PLC056732,,486000
388,854,Kumar Organic Products Limited,U85110KA1991PLC012095,,483000
389,1281,Rohini Minerals Private Limited,U15209TG1999PTC032819,,480000
390,128,Arvindbhai Bechardas Jewellers Private Limited,U36911GJ2007PTC050113,,475211
391,902,Ludhiana Beverages Private Limited,U15549PB1994PTC014071,,468000
392,1183,Posh Chemicals Private Limited,U40102TG1994PTC018680,,450000
393,1634,Utstarcom India Telecom Private Limited,U64203DL2003PTC179329,,450000
394,116,Apurva Natvar Parikh & Co Private Limited,U63010MH1959PTC011380,,450000
395,963,Meenakshi Narayanan Investments Private Limited,U24112TN1974PTC006766,,450000
396,1283,Rohm And Haas (India) Private Limited,U24231MH1995PTC132718,,450000
397,921,Mahavir Die Casters Pvt. Ltd.,U29299HR1991PTC031331,,437000
398,222,Billroth Hospitals Limited,U85110TN1994PLC027417,,433000
399,1008,Mohan Overseas Private Limited,U74899DL1981PTC012014,,420000
400,1086,Nirmal Bang Securities Private Limited,U99999MH1997PTC110659,,420000
401,332,Colruyt It Consultancy India Private Limited,U72300TG2007PTC053130,,419800
402,1683,Vital Construction Private Limited,U45201DL2004PTC124321,45.0,415461
403,1373,Shree Agencies P. Ltd. (Transfrom From Culcutta To Rajasthan,U28992RJ1998PTC014834,,402884
404,202,Best It World (India) Private Limited,U30000MH1996PTC104553,,400000
405,1633,Utkarsh India Limited,,,400000
406,725,Interocean Shipping (India) Private Limited,U74899DL1974PTC007267,,400000
407,394,Diffusion Engineers Limited,U99999MH2000PLC124154,,393950
408,726,Intertek India Private Limited,U74220DL1997PTC202243,,373372
409,460,Essen Multipack Limited,U25209GJ1994PLC022139,,370200
410,881,Laxmi Publications Private Limited,U22219DL1994PTC063326,,350000
411,1363,Shalimar Paints Ltd,L24222WB1902PLC001540,20.0,347000
412,468,Exfo Electro-Optical Engineering India Private Limited,U72900PN2006PTC129263,,341939
413,1505,Synechron Technologies Private Limited,U72200PN2001PTC016029,,341782
414,1456,Stahl India Private Limited,U24117TN1998PTC039811,,337340
415,282,Carl Bechem Lubricants (India) Private Limited,U23201KA2003PTC032976,,324765
416,1397,Silver Touch Technologies Limited,U72200GJ1995PLC024465,,310529
417,1605,Tt Electronics Sensing And Control India  Private Limited,,,308875
418,1162,Phoenix Lamps Limited,L31500UP1991PLC012944,31.0,304895
419,914,Magnet Labs Private Limited,U51397DL1998PTC093307,51.0,300000
420,1122,Omr Bagla Automotive Systems India Limited,U31904PN2006PLC128851,,300000
421,311,Cht (India) Private Limited,U24297MH1996PTC149192,,300000
422,1154,Pc Solutions Private Limited,U74899DL1995PTC072980,,300000
423,188,Baramati Cattlefeeds Pvt Ltd,U01211MH1993PTC072806,,300000
424,31,Advanced Enzyme Technologies Limited,U24200MH1989PLC051018,24.0,300000
425,15,Accutest Research Laboratories India Private Limited,U24239MH2001PTC131153,,300000
426,818,Kewaunee Labway India Private Limited,U33125KA2000PTC028202,,299000
427,1164,Piccadily Holiday Resorts Limited,U70101DL1982PLC013108,,293928
428,1716,Zs Associates India Private Limited,U72200PN2004FTC020841,,284400
429,125,Arris Group India Private Limited,,,272500
430,1669,Vijay Tanks And Vessels Private Limited,U29132MH1969PTC014340,,255000
431,1096,Nosch Labs Private Limited,U24231TG2001PTC037086,,250000
432,249,Brijwasi Bullions And Jewellers Private Limited (Transfered From Up),U92199DL2002PTC148186,,241660
433,1235,Rajasthan Prime Steel Processing Center Private Limited,U05004DL2007PTC169044,,240376
434,1665,Versatile Enterprises Pvt Ltd,U74999PB1983PTC005394,,240300
435,503,Fossil India Private Limited,U18101KA2007PTC071705,,237702
436,1520,Talisma Corporation Private Limited,U72200KA2000PTC026639,,229600
437,441,Emerson Electric Company (India) Private  Limited,,,228000
438,1190,Powermaster Engineers Private Limited,U29305MH1971PTC015118,,227000
439,1636,Uvj Technologies Private Limited,U72200KL2003PTC016041,,214780
440,378,Deloitte Consulting India Private Limited,U72900TG2000PTC039976,,209546
441,470,Exl Service.Com(India) Private Limited,U72200DL1999PTC099888,,203750
442,421,Edelweiss Finance & Investments Limited,U67120AP1994PLC052372,66.0,200000
443,1691,Vulkan Technologies Private Limited,U29299PN2001PTC016233,,200000
444,1126,Oren Hydrocarbons Private Limited,U73100TN1990PTC019419,,200000
445,140,Astha Projects (India ) Private Limited,U45200TG1989PTC047103,,200000
446,1396,Silver Realties And Infrastructure Private Limited,U45203MP2005PTC017983,,199000
447,1312,Sac Engine Components Private Limited,U27104TN1991PTC021637,,194100
448,360,D P Jain And Co Infrastructure Private Limited,U45200MH2004PTC150149,,192270
449,1662,Ventura ( India ) Private Limited,U72200PN2004PTC019380,,192000
450,1009,Molex (India) Private Limited,U27109KA2001PTC028945,,187369
451,1671,Vijayawada Tollway Private Limited,U45203TG2008PTC058464,,184345
452,1178,Polyhydron Private Limited,U29120KA1989PTC010171,,180000
453,94,Ankur Scientific Energy Technologies Pvt  Ltd,,,171000
454,1559,The Ktm Jewellery Limited,U52393TZ2000PLC009431,,167325
455,337,Connectwell Industries Private Limited,U30000MH1997PTC105433,,164000
456,1274,Rm Education Solutions India Private Limited,U72200KL2003PTC015931,,163592
457,33,Advik Hi-Tech Private Limited,U29299PN1998PTC013028,,155721
458,1407,Smartchem Technologies Limited,U67120AP1987PLC039114,66.0,154220
459,189,Barbrik Project Limited,U70101CT2008PLC020626,,153500
460,886,Lg Soft India Private Limited,U85110KA1998PTC023521,,152813
461,641,Hnb Engineers Private Limited,U29299PN2005PTC020745,,151000
462,1476,Sugam Parivahan Private Limited,U60231WB1982PTC067973,,150000
463,1120,Omni Lens Pvt Ltd,U26109GJ1993PTC019963,,147666
464,323,Clifford Chance Business Services Private Limited,,,143460
465,1449,Sri Venkata Sivaparvathi Spinning Mills Private Limited,U17111AP2003PTC040926,,140000
466,616,Herrenknecht India Private Limited,U74900TN2007PTC070272,,130180
467,1713,York Print Private Limited,U21029ML2002PTC006726,,130000
468,1055,Natural Remedies Private Limited,U24232KA1998PTC023573,,122931
469,1084,Niraj Industries Private Limited,U74899DL1980PTC011063,,120000
470,331,Cognizant Global Services Private Limited,U72300KA1996PTC036154,63.0,119000
471,595,Gupshup Technology India Private Limited,U72100MH2005PTC150425,,115000
472,642,Honda Trading Corporation India Private Limited,U51909DL2005PTC135750,,109800
473,674,Il&Fs; Milestone Realty Advisors Private Limited,,,109147
474,1401,Skipperseil Limited,U31200DL1995PLC169397,31.0,109000
475,1367,Sharekhan Commodities Private Limited,U67120MH2000PTC127261,,106486
476,1719,Zylog Plastalloys Private Limited,U25209MH1984PTC033074,,102000
477,1402,Skyline Foundations And Structures Private Limited,U70200KA2004PTC033980,,100000
478,422,Edelweiss Finvest Private Limited,,,100000
479,1148,Parker Multi-Commodities (India) Private Limited,U67120GJ1995PTC024528,66.0,100000
480,1552,Thakur Savadekar And Company Private Limited,U16002PN1956PTC009886,,100000
481,1471,Strassenburg Pharmaceuticals Ltd.,U24233WB1985PLC039196,,100000
482,1205,Prince Swr Systems Private Limited,U25206MH1995PTC086960,,100000
483,454,Escapade Resorts Pvt Ltd,U55102KL1991PTC006000,,100000
484,1378,Shree Uttam Steel And Power Limited,U27310MH2006PLC165173,,100000
485,1708,Wuerth Elektronik India Private Limited,U72200KA2001PTC029349,,97673
486,1490,Sungard Solutions Software (India) Private Limited,U72200PN2007PTC130426,,88253
487,1276,Rmsi Private Limited,U74899DL1992PTC047149,,80000
488,1024,Mungi Engineers Private Limited,U28910MH2004PTC146663,,80000
489,1226,R.R.Thulasi Builders (India) Private Limited,U45201TZ2006PTC012574,,52000
490,339,Control Techniques India Private Limited,U30006TN1993PTC025830,30.0,38856
491,1181,Pooja Forge Limited,U27310DL1986PLC025557,,25000
492,277,Capita India Private Limited,U93090MH2006PTC166414,,21000
493,38,Agility Logistics Private Limited,U60230MH1998PTC112960,,16000
494,80,Amr Power Private Limited,U40101KA2004PTC034818,,15080
495,994,Mink Tradecom Private Limited,U51502GJ2000PTC038388,,15000
496,877,Lapp India Private Limited,U28999KA1996PTC020467,,15000
497,411,Dss Imagetech Private Limited,U33201DL1998PTC094932,,12200
498,124,Arjuna Natural Extracts Ltd,U24239KL1992PLC006670,,10000
499,1578,Tmf Holdings Limited,,,9177
500,27,Adhunik Infrastructures Private Limited,U45207WB1996PTC082399,,5580
501,1548,Tempel Precision Metal Products India Private Limited,U29299TN2005PTC057901,,5000
502,1150,Parveen Industries Pvt Ltd,U74999DL1960PTC003290,,2400
503,872,Lakshya Food (India) Limited,U15122DL2007PLC164418,,1030
504,847,Kpmg Global Delivery Center Private Limited,U74110KA2003PTC031646,,21
505,632,Hindustan Syringes And Medical Devices Limited,U74899DL1957PLC002834,,10
506,806,Karnataka Plastoo Industries Private Limited,U25200KA1971PTC002098,,2
507,1714,Zen Tradelink Private Limited,U67100GJ2005PTC045493,,1
508,253,Broadcom Communications Technologies Private Limited,U72900KA2004PTC033347,,1
509,901,Lucy Electric India Private Limited,U31200MH1994PTC080208,,0
510,190,Bas Engineering Private Limited,U72200DL1997PTC087067,,0
511,1423,Sony India Software Centre Private Limited,U72200KA2011PTC061471,,0
512,896,Lotus Wireless Technologies India Private Limited,U32202AP2003PTC041908,,0
513,114,Applabs Technologies Private Limited,U72200TN2001PTC102611,,0
514,922,Mahesh Edible Oil Industries Limited,U15143DL2000PLC116763,,0
515,429,Electro Pneumatics And Hydraulics (India) Pvt Ltd,U28932MH1983PTC030253,,0
516,1663,Venus Home Appliances Private Limited,U30007TN1995PTC030812,,0
517,1304,S M I Coated Products Private Limited,U74999MH2003PTC139869,,0
518,1280,Rohan Dyes And Intermediates Ltd,U24114MH1992PTC065834,,0
519,977,Metlloy Trading Services Private Limited,U51909DL2004PTC125629,,0
520,165,Ayushajay Construction Private Limited,U45201MP1995PTC009459,,0
521,825,Kiranmani Diamonds Private Limited,U36911MH2003PTC142557,,0
522,474,Eye Foundation Limited,U03311TZ1997PLC011249,,0
523,856,Kumaragiri Spinnerss Private Limited,U01711TZ2004PTC011237,,0
524,497,Fnf India Private Limited,,,0
525,1656,Vast Integrated Services Limited,U74999MH2001PLC243957,,0
526,824,Kiran Gems Private Limited,U36912MH2007PTC174133,36.0,0
527,819,Keystone Infra Private Limited,U45200TG2005PTC045334,,0
528,1700,West Bengal State Seed Corpn Ltd,U01122WB1980SGC033116,,0
529,1702,Western Drugs Limited,U24232RJ1989PLC004914,,0
530,586,Gujarat Polyfilms Private Limited,U17297GJ2004PTC044479,13.0,0
531,1355,Sealwel Corporation Private Limited,U40107TG2010PTC069113,,0
532,783,Jupiter Laminators Private Limited,U21022DL2003PTC119318,,0
533,732,Itares Shoes Private Limited,U19201TN2006PTC060594,,0
534,978,Metricstream Infotech (India) Private Limited,U72200KA2001PTC038330,,0
535,395,Digboi Carbon Private Limited,U23109AS2004PTC007590,,0
536,982,Microchip Technology (India) Private Limited,U72200KA2000PTC026229,,0
537,1448,Sri Nukala Rama Koteswara Rao Textiles Private Limited,U17115AP2001PTC037792,,0
538,288,Cello Writing Instruments And Containers  Private Limited,,,0
539,706,Indus Tmt Industries Limited,U27104KA2005PLC036259,,0
540,1224,R.K. Infracorp Private Limited,U45200AP2008PTC059199,,0
541,1225,R.M.Chemicals Pvt Ltd,U24241MP1995PTC009484,,0
542,1499,Svs Mookambika Constructions Private Limited,U45209AP2009PTC065382,,0
543,306,Chhattisgarh Rajya Van Vikas Nigam Limited,U01135CT2001SGC014669,,0
544,1170,Pjl Clothing (India) Private Limited,U51311MH1989PTC052420,,0
545,1161,Pharmazell (India) Private Limited,U24294TN1993PTC025852,,0
546,250,Brillio Technologies Private Limited,U22190KA1997FTC022250,,0
547,334,Computer Sciences Corporation Business Process Services India Private Limited,U67120TN1998PTC102451,,0
548,1121,Omnicom Media Group India Private Limited,U74300MH1973PTC016583,,0
549,1549,Teva Api India Private Limited,U74899DL2002PTC138679,,0
550,1248,Rasi Tex India Private Limited,U17111TN1996PTC056836,,0
551,343,Covidien Healthcare India Private Limited,U51397HR2002FTC040216,,0
552,284,Cbc Corporation (India) Private Limited,U51496MH2008FTC180663,,0
553,1073,Neogenetics Foods Private Limited,U15122KA2011PTC060677,,0
554,65,Amadeus Software Labs India Private Limited,U72200KA2012FTC062617,,0
555,1399,Sita Information Networking Computing (India) Private Limited,,,0
556,1071,Nehru Place Hotels And Real Estates Private Limited,U45201DL2006PTC145558,45.0,0
557,1070,Neeyamo Enterprise Solutions Private Limited,U72200TN2009PTC070707,,0
558,363,D.S.R. Infrastructure Private Limited,U45200TG2007PTC052586,,0
559,1270,Rishabh Constructions Private Limited,U45201RJ1984PTC003149,,0
560,1013,Moody International (India) Private Limited,U74999DL2001PTC278924,,0
561,1011,Monotech Systems Limited,U22219TN1999PLC042840,,0
562,369,Dar Al-Handasah Consultants (Shair & Partners) India Private Limited,U74200PN2007FTC130464,,0
563,375,Deepkiran Foods Private Limited,U15410GJ1998PTC034391,10.0,0
564,997,Misys Software Solutions (India) Private  Limited,,,0
565,1436,Sree Annapoorna Sree Gowrishankar Hotels  Private Limited,,,0
566,709,Industrial And Prudential Investment Company Limited,L65990MH1913PLC000374,65.0,0
