,0
Bharat Heavy Electricals Limited,2391100000
Infosys Limited,1188000000
Ntpc Limited,984730000
Shamyak Investment Private Limited,643000000
Mmtc Limited,483400000
Northern Coalfields Limited,401400000
Gujarat Mineral Development Corporation Limited,352188000
Cairn India Limited,330100000
Thdc India Limited,259347000
Reliance Infrastructure Limited,253500000
Gagandeep Credit Capital Private Limited,250000000
Coal India Ltd Govt Of India Undertaking,242930000
Bajaj Auto Limited.,188000000
Shree Cement Limited,175600000
Sundaram -Clayton Limited,174300000
Power Grid Corporation Of India Limited,171071000
Bhushan Power & Steel Limited,162000000
Cesc Ltd,142217675
Torrent Pharmaceuticals Ltd,141900000
Jammu And Kashmir Bank Limited,137461812
Hindustan Aeronautics Limited,136963000
Piramal Finance Private Limited,119400000
Rosa Power Supply Company Limited,112800000
Bharat Forge Ltd,112190000
Cadila Healthcare Limited,108150000
Medreich Limited,108000000
Prescient Securities Private Limited,100000000
Jm Financial Institutional Securities Limited,99400000
Godrej Consumer Products Limited,98100000
Rashtriya Ispat Nigam Ltd,89993000
Muthoot Finance Limited,89207875
Uttam Galva Metallics Limited,80627774
Apollo Hospitals Enterprise Limited,77710000
Sundaram Finance Limited,76630000
Icici Bank Limited,75912830
Jsw Steel Limited,73600000
Aurobindo Pharma Ltd,70633386
Rites Limited,67000000
Nirma Limited,66200000
Vardhman Textiles Limited,60000000
Reliance Power Limited,58750000
Havells India Limited,57800000
Rural Electrification Corporation Limited,57207680
Container Corporation Of India Limited,56737000
Rajasthan State Industrial Development And Investm,56088000
Bennett Coleman And Company Limited,55000000
Hindustan Copper Ltd,54356000
Jaiprakash Power Ventures Limited,53062102
Jindal Saw Limited,52493000
Cochin Shipyard Limited,50644000
Hindustan Gum And Chemicals Limited,50000000
Cummins India Limited,49250746
Shree Ramkrishna Exports Private Limited,47156000
Cholamandalam Investment And Finance Company Limited,46143000
Godawari Power And Ispat Limited,45111000
Bharat Aluminium Co Ltd,44100000
Manappuram Finance Limited,43610000
Kone Elevator India Private Limited,42000000
Gujarat Industries Power Company Ltd.,41892000
Idfc Limited,41356289
Infina Finance Private Limited,40500002
Ajeet Seeds Private Limited,40200000
Lakshmi Machine Works Limited,38507280
Ireo Private Limited,36923530
Indiabulls Housing Finance Limited,36533659
The Supreme Industries Limited,35003000
Reliance Ports And Terminals Limited,35000000
Polaris Consulting & Services Limited,33125000
Vakrangee Limited,32125000
Microsoft India (R&D;) Private Limited,31520000
Dsp Merrill Lynch Capital Limited,31480000
Palepu Pharma Private Limited,31100000
Godfrey Phillips India Limited,30701000
Goldman Sachs Services Private Limited,30500000
Abbott India Limited,30375000
Ansal Properties And Infrastructure Limited,30000000
Tata Capital Financial Services Limited,29688000
Nhdc Limited,29502838
Oil India Limited,29500000
Emcure Pharmaceuticals Limited,29500000
Tata Housing Development Company Limited,29200000
Sun Pharmaceutical Industries Limited,28790000
Mahindra And Mahindra Financial Services Limited,28000000
Rajesh Exports Limited,27950064
Kpit Technologies Limited,27213863
Oswal Greentech Limited,27200000
Dlf Limited,27200000
Mahindra And Mahindra Limited,26700000
Bayer Cropscience Limited,26480000
Thermax Limited.,26270000
Haldex India Private Limited,26150000
Hetero Labs Limited,26100000
Nectar Life Sciences Limited,25930000
Tractors And Farm Equipment Limited.,25919000
Biocon Limited,25700000
Gmr Power Corporation Limited,25600000
Vedanta Limited,25400000
Ntpc-Sail Power Company Private Limited,25219000
Torrent Power Limited,25000000
V I P Industries Limited,25000000
Bosch Limited,24890000
Sundaram Bnp Paribas Home Finance Limited,24524000
The Andhra Sugars Limited,24505000
Noida Power Company Limited,23066875
Elgi Equipments Limited,23055000
Ttk Prestige Limited,22984291
Honeywell Turbo Technologies (India) Private Limited,22800000
Essel Mining & Industries Ltd.,22500000
Gannon Dunkerley And Company Limited,21806000
Bahadur Chand Investments Private Limited,21000000
Raj Westpower Ltd,20898766
Neon Laboratories Limited,20694000
Finolex Industries Limited,20500000
North Eastern Electric Power Corpn Ltd,20275619
Atc Tires Private Limited,20236000
Natco Pharma Limited,20173000
North Eastern Development Finance Corporation Limited,20105779
Nava Bharat Ventures Limited,19877000
Indianoil Petronas Private Limited,19700000
Adani Enterprises Limited,19600000
Panasonic India Private Limited,19569000
Trident Limited,19400000
Strides Shasun Limited,19400000
Amalgamated Plantations Private Limited,19400000
South Eastern Coalfields Limited,19357000
Ecl Finance Limited,19346989
Bilt Graphic Paper Products Limited,19300000
Nuclear Power Corporation Of India Limited,19226851
Credit Suisse Finance (India) Private Limited,19090942
Sundram Fasteners Limited,18895000
Carrier Airconditioning & Refrigeration Limited,18133333
Housing And Urban Development Corporation Limited,17800000
Solar Industries India Limited,17750000
Gujarat Power Corporation Limted,17000000
Wapcos Limited,16976423
Kalpataru Power Transmission Limited,16836000
Tata Consultancy Services Limited,16800000
Bharat Dynamics Limited,16743000
Upl Limited,16700000
Adani Gas Limited,16600000
Indofil Industries Limited,16600000
Te Connectivity India Private Limited,16460249
Ccl Products (India) Limited,16269000
Astral Poly Technik Limited,16000000
Peninsula Land Limited,15800000
Hewlett-Packard Globalsoft Private Limited,15449152
Kothari Products Limited.,15210426
Mulberry Silks Limited,15176000
Indusind Bank Ltd.,15050000
Ratnamani Metals And Tubes Limited,15000000
Gharda Chemicals Limited,14990000
Laurus Labs Private Limited,14862835
Kitex Garments Limited,14814213
Gujarat Energy Transmission Corporation Limited,14779674
Ambuja Neotia Holdings Private Limited,14679167
Cummins Research And Technology India Private Limited,14522314
Ajanta Private Limited,14389536
Navneet Education Limited,14300000
Bilakhia Holdings Private Limited,14300000
Kitex Childrenswear Limited,14290320
Elecon Engineering Company Limited,14192000
Bajaj Resources Limited,14000000
L & T Finance Limited,13980060
India Infrastructure Finance Company Limited,13900000
Solverminds Solutions And Technologies Private Limited,13894927
Radico Khaitan Limited,13874497
Cyient Limited,13830000
Shriram Transport Finance Company Limited,13825000
Srei Infrastructure Finance Limited,13745962
India Infoline Finance Limited,13700000
Jaiprakash Associates Limited,13500000
West Bengalstate Electricity Transmission Company Limited,13500000
Gruh Finance Limited,13340522
Abi-Showatech (India) Limited,13147000
Gujarat Tea Processors And Packers Limited,13077000
Housing Development Finance Corporation Limited,12900000
Zydus Wellness Limited,12900000
Johnson Lifts Private Limited,12800000
Bajaj Energy Limited,12800000
Novartis India Limited,12700000
Indo-Mim Private Limited,12600000
Tata Investment Corporation Limited,12500000
Hyundai Motor India Limited,12460000
Ganesh Housing Corporation Limited,12264317
Thyssenkrupp Industries India Private Limited,12140000
Alkem Laboratories Limited,12000000
Life Style International Private Limited,12000000
S.G.P.Exim Private Limited,11700000
Agarwal Coal Corporation Private Limited,11520000
Puravankara Projects Limited,11500000
Indian National Press (Bombay) Private Limited,11500000
Unitedhealth Group Information Services Private Limited,11200000
Buhler (India) Private Limited,11045624
Ansal Housing And Construction Limited,11025000
Jyoti Ceramic Industries Private Limited,11000000
Power Finance Corporation Limited,10970000
Jms Mining Services Private Limited,10800000
Roquette Riddhi Siddhi Private Limited,10700000
Wells Fargo India Solutions Private Limited,10667280
Vaibhav Global Limited,10648002
Anu Projects Consultants And Engineers Pvt Ltd,10510000
Tata Elxsi Limited,10508000
Srs Limited,10431895
Muthoot Fincorp Limited,10357379
The Sandur Manganese And Iron Ores Limited,10291000
Dishman Pharmaceuticals And Chemicals Limited,10250000
Adani Wilmar Limited,10220000
Heg Limited,10157000
Franklin Templeton Asset Management (India) Private Limited,10134305
Kaveri Seed Company Ltd.,10115105
Bny Mellon International Operations (India) Private Limited,10093483
Assam Petro Chemicals Ltd,10081108
Hetero Drugs Limited,10077582
Economic Explosives Limited,10027000
Vijay Television Private Limited,10000000
Maithan Alloys Ltd.,10000000
Jivraj Tea Limited,10000000
Hubtown Limited,10000000
Garware Bestretch Limited,10000000
L&T; Infrastructure Finance Company Limited,10000000
Smartwheels Private Limited,10000000
Srei Equipment Finance Limited,9875000
Ferromatik Milacron India Private Limited,9833490
Gabriel India Limited,9740000
Ambience Private Limited,9700000
Pnc Infratech Limited,9500000
Century Enka Limited,9413000
Sable Waghire And Co Private Limited,9400000
Lucas Tvs Limited,9400000
Gujarat Alkalies And Chemicals Limited,9393160
Harirani Investment And Trading Private Limited,9300000
Sterlite Technologies Limited,9289000
Mmtc - Pamp India Private Limited,9269000
Sabic India Private Limited,9260000
J B Chemicals And Pharmaceuticals Limited,9250000
Power System Operation Corporation Limited,9212158
Ambika Cotton Mills Limited,9100858
Reliance Industries Limited,9000000
Russell Credit Ltd,9000000
Bachhraj And Company Private Limited,9000000
Dow Agrosciences India Private Limited,8969740
Apollo Trading And Finance Private Limited,8950000
Vadinar Power Company Limited,8900000
Praj Industries Limited,8859358
Future Gaming And Hotel Services Private Limited,8851270
Poddar Tyres Limited,8788000
Ibc Knowledge Park Private Limited,8767987
Kotak Mahindra Bank Limited,8728000
Kpmg Global Services Private Limited,8584600
Express Newspapers Private Limited,8534006
Tvs Srichakra Limited,8400000
Ramco Industries Limited,8295000
Hitachi Consulting Software Services India Private Limited,8180028
My Home Constructions Private Limited,8000000
Bbl Daido Private Limited,8000000
Broadridge Financial Solutions (India) Private Limited,8000000
Menzies Aviation Bobba (Bangalore) Private Limited,7923000
Genus Power Infrastructures Limited,7900000
Nandan Denim Limited,7828359
Hsbc Electronic Data Processing India Private Limited,7764733
Msp Metallics Limited,7743000
Dcm Shriram Limited,7700000
Jsw Energy Limited,7700000
Crescent Power Limited,7700000
Vrs Foods Limited,7608000
Mobis India Limited,7606417
Excel Crop Care Ltd,7595000
Nvidia Graphics Private Limited,7588950
L G Balakrishnan & Bros Limited,7555000
Tafe Motors And Tractors Limited,7500000
Balkrishna Industries Limited,7500000
Usv Private Limited,7500000
R S Software (India) Ltd.,7500000
Om Metals Infraprojects Limited,7500000
A K Capital Services Limited,7500000
Superhouse Limited,7455778
Koch Chemical Technology Group India Private Limited,7403891
Cochin Minerals And Rutile Ltd,7401734
Citicorp Finance (India) Limited,7400000
Hi-Tech Systems & Services Ltd.,7306717
Pipavav Railway Corporation Limited,7239345
Synopsys (India) Private Limited,7211899
United Breweries Limited,7175000
Gateway Rail Freight Limited,7174021
Spectrum Dyes And Chemicals Private Limited,7150000
Entertainment Network (India) Limited,7143200
Comviva Technologies Limited,7100000
Kerala State Backward Classes Development Corporation Limited,7100000
Odisha Power Generation Corporation Limited,7089097
Electronics Corporation Of India Limited,7031000
Venkys (India) Limited,7000000
Harsha Engineers Limited,7000000
Taqa Neyveli Power Company Private Limited,6951838
South City Projects (Kolkata) Limited,6932000
Mercedes-Benz Research And Development India Private Limited,6909247
Essar Ports Limited,6861000
Fleetguard Filters Private Limited,6791000
Kennametal India Limited,6772000
Bhairavnath Sugar Works Limited,6716000
Qrg Enterprises Limited.,6700000
Archean Chemical Industries Private Limited,6561045
Meril Life Sciences Private Limited,6500000
Jamnalal Sons Private Limited,6500000
Anmol Biscuits Ltd,6485000
Cochin International Airport Limited,6427993
Clix Capital Services Private Limited,6363000
Darcl Logistics Limited,6351000
Riviera Home Furnishings Private Limited,6351000
Cera Sanitaryware Limited,6322000
Infrastructure Leasing And Financial Services Limited,6286842
Credit Suisse Services (India) Private Limited,6136580
Aparna Constructions And Estates Private Limited,6125000
Bharti Airtel Limited,6100000
Joy Global (India) Limited,6100000
Gujarat Pipavav Port Limited,6041671
Vardhman Acrylics Limited,6037500
Biba Apparels Private Limited,6034530
Steel Strips Wheels Ltd,6034000
Asian Hotels (East) Limited,6000000
Gsp Crop Science Private Limited,5998000
Au Financiers (India) Limited,5990367
Hindustan Media Ventures Limited,5900000
Jhajjar Power Limited.,5894974
Sandhar Technologies Limited,5796000
Panama Petrochem Limited,5777620
Atlas Copco (India) Limited,5770000
Hyderabad Race Club,5757000
Mercedes-Benz India Private Limited,5740000
Arjav Diamonds (India) Private Limited,5700000
D. E. Shaw India Private Limited,5603789
Agrocel Industries Private Limited,5502673
Eros International Media Limited,5500000
Kirloskar Industries Limited,5500000
Tvs Logistics Services Limited,5464000
The Metal Powder Company Limited,5446000
Lord India Private Limited,5425000
Exxonmobil Company India Private Limited,5420000
Saregama India Limited,5400000
Rotex Manufacturers And Engineers Private Limited,5400000
Vem Technologies Private Limited,5400000
Kanam Latex Industries Pvt Ltd,5393350
Centurylink Technologies India Private Limited,5363670
Sukhjit Starch And Chemicals Ltd,5351000
Subros Limited,5331000
Powerlinks Transmission Limited,5315000
Motilal Oswal Financial Services Limited,5290000
Pec Limited,5247000
Ampo Valves India Private Limited,5208546
Novartis Healthcare Private Limited,5200000
Sri Dhanalakshmi Cotton And Rice Mills Private Limited,5200000
Camlin Fine Sciences Limited,5176000
J G Hosiery Private Limited,5163000
Rajasthan Global Securities Private Limited,5151140
Goldman Sachs (India) Finance Private Limited,5100000
Malabar Cements Ltd,5100000
Adani Infra (India) Limited,5100000
Ppn Power Generating Company Private Limited,5100000
Britannia Industries Ltd,5100000
Globe Fincap Limited.,5000000
Aesthetic Builders Private Limited,5000000
Lifestar Pharma Private Limited,5000000
Bajaj Finance Limited,5000000
Vardhman Yarns And Threads Limited,5000000
Pricewaterhousecoopers Private Limited,5000000
Hillways Construction Company Private Limited,5000000
Hinduja Realty Ventures Limited,5000000
Valdel Engineers And Constructors Private Limited,5000000
Cliantha Research Limited,5000000
Godrej Agrovet Limited,5000000
Kusum Healthcare Private Limited,5000000
Rda Holdings Private Limited,5000000
Gvk Biosciences Private Limited,5000000
Baramati Agro Limited,5000000
Navin Fluorine International Limited,4982000
Sree Rayalaseema Alkalies And Allied Chemicals Ltd,4977723
Boeing International Corporation India Private Limited,4974082
Bhaskar Industries Private Limited,4954000
Cerner Healthcare Solutions Private Limited,4906474
Crest Steel And Power Private Limited,4900000
Fresenius Kabi Oncology Limited,4893000
J. P. Morgan Services India Private Limited,4859180
Aachi Masala Foods Private Limited,4735000
Pricewaterhousecoopers Service Delivery Center (Kolkata) Private Limited,4725000
Gmr Airports Limited,4721000
Avanti Feeds Limited,4718000
Srf Limited,4709000
Ankit Gems Private Limited,4700000
Bhageria Industries Limited,4700000
Eaton Industries Private Limited,4682000
Ocean Sparkle Limited,4680000
My Home Industries Private Limited,4668000
Fullerton India Credit Company Limited,4654079
L&T; Finance Holdings Limited,4624960
The South Indian Bank Limited,4613000
Kumar Properties And Real Estate Private Limited,4610000
Laxmi Civil Enginnering Services Private Limited,4600000
Escorts Limited,4600000
India Motor Parts & Accessories Limited,4575000
Mita India Private Limited,4548000
Jbm Auto Limited,4528000
Bhoruka Power Corporation Limited,4500000
Sledgehammer Oil Tools Private Limited.,4500000
Rci India Private Limited,4500000
Kirloskar Brothers Investments Limited,4500000
B.V. Bio-Corp Private Limited,4500000
Kirloskar Brothers Limited,4500000
Oriflame India Private Limited,4500000
Sqs India Bfsi Limited,4455725
Mayur Uniquoters Limited,4454000
Ankur Seeds Pvt Ltd,4453871
Triburg Consultants Private Limited,4450000
Johnson Matthey Chemicals India Private Limited,4388900
Sigma Freudenberg Nok Pvt Ltd,4378000
West Bengal Infrastructure Development Finance Corpn Ltd (Wbgovt Company),4350000
Eimco Elecon (India ) Limited,4323000
Godhani Gems Private Limited,4300000
Pitti Laminations Limited,4273437
Synthite Industries Limited,4265000
Warren Tea Limited,4260000
Tata Autocomp Hendrickson Suspensions Private Limited,4258363
Tata Toyo Radiator Limited,4219000
Caplin Point Laboratories Limited,4210000
Cleartrail Technologies Private Limited,4201000
Lanco Kondapalli Power Limited,4200000
Merino Panel Products Ltd,4200000
Gujarat State Investment Limited,4199636
Zensar Technologies Limited,4194000
Shri Bajrang Power And Ispat Limited,4152819
K P Sanghvi International Private Limited,4150000
Altruist Technologies Private Limited,4121000
Manipal Global Education Services Private Limited,4100000
Hsbc Investdirect Financial Services (India) Limited,4086858
Passionate Investment Management Private  Limited,4070000
Rockman Industries Limited,4059000
Nyk Line (India) Private Limited,4042000
Nikon India Private Limited,4041000
Mazagon Dock Shipbuilders Limited,4032000
Sansera Engineering Private Limited,4020000
Akzo Nobel India Limited,4020000
Hinduja Ventures Limited,4010000
Cd Equifinance Private Limited,4000000
Minix Holdings Private Limited,4000000
Plastiblends India Limited,4000000
Delphi-Tvs Diesel Systems Limited,4000000
Sbi Capital Markets Limited,4000000
Rational Art And Press Private Limited,4000000
Jocil Limited,4000000
Kalamandir Jewellers Limited,4000000
Bs & B Safety Systems (India) Limited,4000000
Aradhana Investments Ltd,4000000
Gati-Kintetsu Express Private Limited,3980000
My Healthskape Medicals Private Limited,3964965
Kec International Limited,3950000
Hughes Communications India Limited,3939000
Chennai Radha Engineering Works Private Limited,3937000
Rajasthan Electronics And Instruments Ltd,3920000
C R I Pumps Private Limited,3904960
Camphor And Allied Products Ltd,3900000
Ttk Healthcare Limited,3900000
Sakthi Auto Component Limited,3897000
Dee Development Engineers Limited,3891000
India Index Services And Products Limited,3889414
Lakshmi Ring Travellers (Coimbatore) Limited,3879242
Sterling Abrasives Limited,3852000
Centum Electronics Limited,3820000
Venco Research And Breeding Farm Private  Limited,3810000
The Bombay Dyeing And Manufacturing Company Limited,3800000
Bses Yamuna Power Limited,3800000
NEO CORP INTERNATIONAL LIMITED,3800000
C.T.R. Manufacturing Industries Limited,3779000
Kirloskar Ferrous Industries Ltd,3757689
Treadsdirect Limited,3750000
Elgi Rubber Company Limited,3750000
Reliance Ventures Limited,3744000
Citrix R&D; India Private Limited,3740032
Western India Forgings Pvt Ltd,3727000
Gerdau Steel India Private Limited,3700000
Anjana Software Solutions Private Limited,3700000
Foseco India Limited,3656000
Jsw Infrastructure Limited,3650000
Suven Life Sciences Limited,3636651
Jinabakul Forge Private Limited,3610000
Sabic Research And Technology Private Limited,3599667
Muthoot Capital Services Limited,3598069
Mahindra Intertrade Limited,3586489
Jaigad Powertransco Limited,3570341
Amaravathi Textiles Pvt Ltd,3555000
Blackberry India Private Limited,3554647
Aparna Infrahousing Private Limited (Part Ix ),3550000
Biochem Pharmaceutical Industries Limited Part Ix,3550000
Invesco (Hyderabad) Private Limited,3531000
Copal Research India Private Limited,3527185
J. M. Huber India Private Limited,3507270
Nec Technologies India Private Limited,3500000
J Mitra And Co Private Limited,3500000
Miot Hospitals Private Limited,3500000
Deutsche Investments India Private Limited,3500000
Nitin Spinners Limited,3495000
D S Kulkarni Developers Ltd,3425000
Western Outdoor Interactive Private Limited,3414000
Hinduja National Power Corporation Ltd,3399000
Mahindra Cie Automotive Limited,3390000
Morarjee Textiles Limited,3370941
Va Tech Wabag Limited,3330000
National Engineering Industries Limited,3329000
Sigma Aldrich Chemicals Private Limited,3318167
Momentive Performance Materials (India) Private Limited,3308940
Juniper Networks India Private Limited,3301778
Ht Media Limited,3300000
Sumeet Industries Limited,3300000
Praj Hipurity Systems Limited,3278000
India Ratings And Research Private Limited,3250000
Lakshmi Cargo Company Limited,3250000
Prokarma Softech Private Limited,3243410
Uflex Limited,3237000
Synchrony International Services Private Limited,3225000
Gmr Vemagiri Power Generation Limited,3208000
E-Infochips Limited,3200000
Chennai Container Terminal Private Limited,3190000
Rabo India Finance Limited,3176020
Amnet Systems Private Limited,3169626
The Peerless General Finance & Investment Co Ltd,3168000
Ats Elgi Limited,3150000
Fidelity Business Services India Private Limited,3140000
Amba Research (India) Private Limited,3132036
Rossell India Limited,3129000
Bobst India Private Limited,3125000
Granules India Limited,3097000
Manish Packaging Private Limited,3093000
T P Roy Chowdhury & Co Private Limited,3085000
Rashtriya Chemicals And Fertilizers Limited,3064000
Head Infotech India Pvt Ltd,3050000
Scope International Private Limited,3045000
M.N. Dastur & Company (P) Ltd.,3039000
Den Satellite Network Private Limited,3010000
Apeejay Tea Limited,3000000
P N Gadgil Jewellers Private Limited,3000000
Neptunus Power Plant Services Private Limited,3000000
Jk Tyre & Industries Limited,3000000
Tata Global Beverages Limited,3000000
Tree House Education & Accessories Limited,3000000
National Steel And Agro Industries Limited,3000000
Kabra Extrusion Technik Ltd,3000000
Antique Finance Private Limited,3000000
Ansal Buildwell Limited,3000000
Lumax Auto Technologies Limited,2992000
Ruchi Soya Industries Limited,2985000
Credit Information Bureau (India) Limited,2981000
Sical Multimodal And Rail Transport Limited,2981000
Parle Biscuits Private Limited,2978000
Ekta Housing Private Limited,2971000
Dell Business Process Solutions India Private Limited,2964372
Lakeshore Hospital And Research Centre Limited,2951000
International Conveyors Ltd.,2950000
Lmj International Ltd.,2931500
Sonata Software Limited,2922000
Apollo Gleneagles Hospital Limited,2920000
Nocil Limited,2918000
Mangalore Sez Limited,2900000
Bhavya Cements Limited,2900000
National Stock Exchange Of India Ltd.,2900000
Gujarat State Petronet Limited,2880900
Euro Footwear Private Limited,2872668
Tieto Software Technologies Limited,2870000
Ashirvad Pipes Private Limited,2869209
Statestreet Global Advisors India Private Limited,2850000
Newgen Knowledge Works Private Limited,2845068
Munjal Showa Limited,2833032
Societe Generale Global Solution Centre Private Li,2829000
Symbiotec Pharmalab Private Limited,2824133
Tata Capital Housing Finance Limited,2819000
Ballarpur Industries Limited,2800000
Dmi Finance Private Limited,2800000
Sri Lalitha Enterprises Industries Private Limited,2800000
Kuantum Papers Limited,2795000
Indian Renewable Energy Development Agen Cy Limited,2770000
Bla Coke Private Limited,2768795
Syngenta India Limited,2750000
Fidelity Information Services India Private Limited,2737383
Lakshmi Card Clothing Mfg. Company Private Limited,2700000
Vtm Limited,2700000
Aquapharm Chemicals Private Limited,2696000
Toyota Kirloskar Auto Parts Private Limited,2680000
Ups Jetair Express Private Limited,2665000
Ador Welding Limited,2657000
Desiccant Rotors International Private Limited,2648621
Devyani Food Industries Limited,2630000
Il&Fs; Rail Limited,2630000
Honeycomb Logistics Private Limited,2628796
Texas Instruments (India) Private Limited,2622205
K M Dastur Reinsurance Brokers Private Limited,2603376
Syngene International Limited,2600000
Bharat Fritz Werner Limited,2600000
Jsw Power Trading Company Limited,2600000
Trent Limited,2600000
Bonfiglioli Transmissions Private Limited,2600000
Mss India Private Limited,2598461
Roots Industries India Limited,2596600
Eygbs (India) Private Limited,2596270
Super Tannery Limited,2568600
Natural Sugar And Allied Industries Limited,2562539
Ncl Alltek & Seccolor Limited,2550000
Karvy Computershare Private Limited,2545000
Garware Wall Ropes Limited,2520000
Kog-Ktv Food Products (India) Private Limited,2520000
Power Build Private Limited,2515000
Samalpatti Power Company Private Limited,2506042
Mangal Tirth Estate Limited,2500000
Malco Energy Limited,2500000
J M Mhatre Infra Private Limited,2500000
Umasons Auto Compo Private Limited,2500000
Shriram Capital Limited,2500000
La-Fin Financial Services Private Limited,2500000
Capital First Limited,2500000
Procter & Gamble Hygiene And Health Care Limited,2500000
Synergia Life Sciences Private Limited,2500000
Winro Commercial (India) Ltd,2500000
Marquis Technologies Private Limited,2500000
Roche Products (India) Private Limited,2500000
Kc Maritime (India) Limited,2500000
Bajaj Sevashram Private Limited,2500000
Marathwada Auto Compo Private Limited,2500000
Kaleesuwari Refinery Private Limited,2500000
Shah Virchand Govanji Jewellars Private Limited,2500000
Cadence Ams Design India Private Limited,2500000
Patton Developers Private Limited,2500000
P.P. Jewellers Private Limited,2500000
Abc Bearings Limited,2500000
Ambience Developers & Infrastructure Private Limited.,2500000
Trafigura Global Services Private Limited,2500000
Vibracoustic India Private Limited,2495869
T-3 Energy Services India Private Limited,2492701
Auma India Private Limited,2430015
Andhra Organics Limited,2418516
Sunflag Iron And Steel Co Ltd,2412321
Indag Rubber Limited,2392000
Salcomp Manufacturing India Private Limited,2390778
Bitwise Solutions Private Limited,2382924
Unichem Laboratories Limited,2375000
Abad Fisheries Private Limited,2364534
The Malayala Manorama Co Ltd,2363000
Rudrabhishek Enterprises Private Limited,2350500
Emtici Engineering Limited,2350000
Kothari Metals Ltd,2325000
Xilinx India Technology Services Private Limited,2321721
Cibersites India Private Limited,2304000
Chandukaka Saraf And Sons Private Limited,2286279
Fisher Biopharma Services (India) Private Limited,2273000
Avon Ispat & Power Limited,2255000
Kikani Exports Private Limited,2250000
Compucom Software Limited,2245532
Kallam Spinning Mills Ltd,2240647
Rbs Financial Services (India) Private Limited,2232315
Premier Explosives Limited,2219000
Ge India Exports Private Limited,2212000
Mahindra Residential Developers Limited,2203000
Omega Renk Bearings Private Limited,2200000
Amrut Distilleries Private Limited,2200000
Aspee Agro Equipment Pvt Ltd,2175519
Sukhbir Agro Energy Limited,2171000
Williams Lea India Private Limited,2170819
Mitcon Consultancy & Engineering Services Limited,2161860
Sunrise Containers Limited,2159000
Avacado Properties And Trading (India) Private Limited,2150000
Sundaram Industries Private Limited,2138000
Ansys Software Private Limited,2129391
Sandisk India Device Design Centre Private Limited,2128635
Chem-Trend Chemicals Company Private Limited,2121000
Bebitz Flanges Works Private Limited,2117308
Liebherr Machine Tools India Private Limited,2110000
Bnp Paribas India Solutions Private Limited,2100000
Birla Furukawa Fibre Optics Private Limited,2100000
G M Breweries Limited,2091000
The Seksaria Biswan Sugar Factory Limiited,2090304
Sanjeev Auto Parts Manufacturers Private Limited,2065226
Snl Financial (India) Private Limited,2064596
Emulex Communications Private Limited,2063752
Shakun Polymers Limited,2061000
Iqor India Services Private Limited,2046703
Yamazaki Mazak India Private Limited,2020710
Genus Paper & Boards Limited,2020000
Maral Overseas Limited,2020000
God Gift Properties Private Limited,2018978
Bses Rajdhani Power Limited,2012778
Triveni Turbine Limited,2010000
Aaiswarya Dyeing Mills Private Limited,2007000
Kalyan Silks Trichur Private Limited,2004278
Gripwel Fasteners Private Limited,2000000
Tata Consulting Engineers Limited,2000000
Forge And Forge Private Limited,2000000
Kewal Kiran Clothing Limited,2000000
Jenburkt Pharmaceuticals Ltd,2000000
Voltas Limited,2000000
Madurai Power Corporation Private Limited,2000000
Latent View Analytics Private Limited,2000000
Syncom Formulations (India) Limited,2000000
Deloitte Shared Services India Private Limited,2000000
Orbit Electricals Private Limited,2000000
Dollar Industries Limited,2000000
B L Lifesciences Private Limited,2000000
Global Information Systems Technology Private Limited,2000000
Nipur Chemicals Limited,2000000
Dhunseri Tea & Industries Limited,2000000
Pramol Traders Holdings Private Limited,2000000
Srs Real Infrastructure Limited,2000000
Hdfc Asset Management Company Limited,2000000
Centex International Private Limited,1993425
Balasore Alloys Limited,1987064
Excel Industries Limited,1981000
Meenakshi Power Private Limited,1973250
Trident Automobiles Private Limited,1960122
Infinera India Private Limited,1960000
Ess Kay Fincorp Private Limited,1960000
Ifmr Capital Finance Private Limited,1957130
Allegis Services (India) Private Limited,1955000
Premier Spg And Wvg Mills Private Limited,1950968
Emco Goa Private Limited,1940000
Vimalachal Print And Pack Pvt Ltd,1920111
Efd Induction Private Limited,1913979
Satra Properties (India) Limited,1900000
Ifm Electronic India Private Limited,1899884
Anand Automotive Private Limited,1892201
Indiabulls Real Estate Limited,1890000
Srijan Realty Private Limited,1890000
Alicon Castalloy Limited,1889000
Sai Silks (Kalamandir) Limited,1875790
Facilities And Building Solutions Private Limited,1871872
Voltamp Transformers Limited,1866857
Gulf Asphalt Private Limited,1861950
Global Edge Software Limited,1861200
Ntpc Bhel Power Projects Private Limited,1859000
Lubrizol Advanced Materials India Private Limited,1856661
Viat Instruments Pvt.Ltd.,1856000
Midas Treads (India) Private Limited,1855980
Mindarika Private Limited,1850000
Ad- Manum Finance Limited,1850000
Cameron Manufacturing (India) Private Limited,1848147
Zuventus Healthcare Limited,1844508
Tpg Capital India Private Limited,1831523
Poddar Housing And Development Limited,1830000
Flextronics Technologies (India) Private Limited,1825748
Resinova Chemie Limited,1824000
Garware Polyester Limited,1821000
Sri Krishna Pharmaceuticals Limited,1821000
Property Ventures (India) Private Limited,1815000
Agarwal Fuel Corporation Private Limited,1810800
S.J.S. Enterprises Private Limited,1810000
Jehan Numa Palace Hotel Pvt Ltd,1800000
Indo Rama Synthetics (India) Limited,1800000
Eta Constructions(India) Limited,1800000
Kajaria Ceramics Limited,1800000
Bageecha Glades Private Limited,1800000
R C Sood And Co Private Ltd,1800000
Nelson Global Products India Private Limited,1800000
Hal Offshore Limited,1797629
Universal Medicap Limited,1776001
Tcpl Packaging Limited,1775000
Narmada Gelatines Limited,1772000
Menon Bearings Limited,1765000
German Remedies Limited,1760000
Parker Bullion Private Limited,1751000
Slk Software Services Private Limited,1750000
Lkp Finance Limited,1750000
Sujana Universal Industries Limited,1750000
Kaynes Technology India Private Limited,1744064
Polyplastics Industries (India) Private Limited.....,1744000
Onkar Infotech Private Limited,1740000
Avanti Institute Of Cardiology Pvt Ltd,1731429
Om Telecom Logistics Private Limited,1725000
Tsr Darashaw Limited,1720400
Hcl Technologies Limited,1710000
Baazar Retail Limited,1707200
Aarti International Limited,1705801
Karnataka Antibiotics And Pharmaceuticals Limited,1705000
I P Support Services (India) Pvt Ltd,1700000
Amrutanjan Health Care Limited,1700000
Marion Biotech Private Limited,1700000
Chowgule Industries Private Limited,1700000
Addison & Co. Limited,1700000
Nitco Logistics Private Limited,1695710
Saj Food Products Private Limited,1694000
Visakha Container Terminal Private Limited,1693996
Nirmal Seeds Private Limited,1693689
Mindteck (India) Limited,1690000
Welspun Solar Ap Private Limited,1684325
Ghatge Patil Industries Limited,1682107
Rohan Builders (India) Private Limited,1677793
C.P.Aquaculture (India) Private Limited,1675998
Stellar Information Technology Private Limited,1675000
Ambuthirtha Power Private Limited,1675000
Koshambh Multitred Pvt Ltd,1663000
Pai International Electronics Limited,1661546
J. K. Cement Limited.,1651657
Sanspareils Greenlands Private Limited,1642335
Manglam Build-Developers Limited,1640000
Corning Technologies India Private Limited,1628468
Polydrug Laboratories Private Limited,1625000
Jubilant Foodworks Limited,1622000
Amara Raja Infra Private Limited,1620000
Fortune Park Hotels Limited,1618000
Sri Narasus Coffee Company Private Limited,1600000
Ajay Industrial Corporation Limited.,1600000
Pan Parag India Limited,1600000
Dsl Hydrowatt Limited,1600000
Shivsagar Bidi Works Pvt Ltd,1600000
Baba Global Limited.,1600000
Alco Company Private Limited,1600000
Endurance Technologies Private Limited (Cn),1600000
Fdc Limited,1595000
Garden Silk Mills Limited,1583000
Orient Refractories Limited,1572000
Byramjee Jeejeebhoy Private Limited,1571800
The West Coast Paper Mills Limited,1571789
The United Nilgiri Tea Estates Company Limited,1568000
Tourism Finance Corporation Of India Limited,1563500
Citec Engineering India Private Limited,1557120
Metroglobal Limited,1556000
Great Eastern Energy Corporation Limited,1551004
Rdb Realty & Infrastructure Limited,1551000
Vardhan Ltd.,1550000
Linc Pen & Plastics Ltd,1550000
Qed Agro Systems Private Limited,1542001
Sarat Chatterjee & Co (Visakhapatnam) Pvt Ltd,1541832
Keerthi Estates Private Limited,1535606
Agm India Advisors Private Limited,1530000
Tata Power Trading Company Limited,1525000
Mahindra Logistics Limited,1521000
Binaguri Tea Co Pvt Ltd,1520000
Savera Industries Limited,1515000
Electronics Corporation Of Tamilnadu Limited,1512000
Panasonic Energy India Company Limited,1505000
Avt Natural Products Limited,1500513
Bunge India Private Limited,1500030
Legris India Private Limited,1500000
Asian Hotels (North) Limited,1500000
Iquest Enterprises Private Limited,1500000
Csl Finance Limited,1500000
Tropical Agro System (India) Private Limited,1500000
Maharashtra Eastern Grid Power Transmission Company Limited,1500000
Mangalam Fashions Limited,1500000
Dfm Foods Limited,1500000
Vindhya Telelinks Limited,1500000
Slk Global Bpo Services Private Limited,1500000
Ozone Overseas Private Limited,1500000
Rolta India Limited,1500000
Minex Metallurgical Company Limited,1500000
George Oakes Limited,1500000
Nerul Impex Private Limited,1500000
J K Technosoft Limited,1500000
Centaur Pharmaceuticals Private Limited,1500000
Genus Innovation Limited,1500000
Desons Holdings And Finance Pvt Ltd,1500000
Star Chemicals (Bombay) Private Limited,1500000
Aarti Steels Limited,1500000
Jsw Holdings Limited,1496069
Doosan Power Systems India Private Limited,1490664
Jay Jay Mills India Private Limited,1490000
Cargill Global Trading India Private Limited,1482243
Naroda Enviro Projects Limited,1481792
Essar Bulk Terminal (Salaya) Limited,1475000
Nile Limited,1463750
Chang Yun India Private Limited,1460000
Vandana Global Limited,1457250
Standard Treads Pvt Ltd,1454500
Gupta H.C. Overseas (I) Private Limited,1453957
Unique Estates Development Company Limited,1450000
Sai Service Private Limited,1450000
Ifci Infrastructure Development Limited,1444265
A L M Industries Limited,1443450
Apcotex Industries Limited,1443000
Gujarat Intrux Limited,1431840
Carclo Technical Plastics Private Limited,1428000
Thakurdevi Investnents Pvt Ltd,1425000
Elgi Ultra Industries Limited,1415000
Standard Radiators Private Limited,1406000
Kf Bioplants Private Limited,1400000
VAISHNO DEVI DAIRY PRODUCTS LIMITED,1400000
Sds Ramcides Cropscience Private Limited,1400000
Herbal Isolates Pvt Ltd,1400000
Mk Profinlease Private Limited,1400000
Milan Laboratories (India) Private Limited,1400000
Ariba Technologies India Private Limited,1396800
Ptc Industries Limited,1388600
Kesar Terminals & Infrastructure Limited,1387000
Sungard Solutions (India) Private Limited,1386289
Madhu Silica Private Limited,1383000
Apax Partners India Advisers Private Limited,1374444
Prolifics Corporation Limited,1373000
Chemfab Alkalis Limited,1368765
Etisalat Software Solutions Private Limited,1362937
Nrb Bearings Limited (Full Fledged Public Co),1350000
Megawin Switchgear Private Limited,1350000
Nyk Auto Logistics (India) Private Limited,1350000
Hyundai Motor India Engineering Private Limited,1345000
Calsoft Private Limited,1337999
Halliburton Technology India Private Limited,1337184
Prashant Castech Private Limited,1328250
Tvs Dynamic Global Freight Services Limited,1328000
Shri Gurudatt Sugars Limited,1309300
Khandwala Enterprise Private Limited,1300000
Pix Transmissions Ltd,1300000
Talentica Software (India) Pvt Ltd,1300000
Marketopper Securities Private Limited,1300000
Metrohm India Limited,1300000
Saraogi Udyog Private Limited,1297000
Temasek Holdings Advisors India Private Limited,1287863
Shree Ajit Pulp And Paper Limited,1287000
Poona Shims Pvt Ltd,1286267
Greenpark Hotels And Resorts Limited,1283000
Marwah Steels Private Limited,1276900
National Energy Trading And Services Limited,1275000
Rajkamal Builders Infrastructure Private Limited,1272949
Ametek Instruments India Private Limited,1260000
Cma Cgm Logistics Park (Dadri) Private Limited,1258000
C M Jain Impex And Investments Private Limited,1250565
Gadre Marine Export Pvt Ltd,1250327
Arthanari Loom Centre Textile Private Limited,1250000
J M Financial Investment Managers Limited,1250000
Ericsson India Private Limited,1250000
Tynor Orthotics Private Limited,1244404
S R C Aviation Private Limited,1236395
A.B. Grain Spirits Private Limited,1236152
Rhi Clasil Private Limited,1231450
Knr Constructions Limited,1231000
Deepak Fertilisers And Petrochemicals Corporation,1231000
Mac Charles (India) Limited,1230000
Secure Meters Limited,1220003
Gati Limited,1220000
Indoco Remedies Limited,1206474
Manpasand Beverages Limited,1205000
Cooper Corporation Private Limited,1202787
Grace Davison Chemicals India Private Limited,1200000
Thermax Engineering Construction Company Limited,1200000
Dabwali Transport Company Limited,1200000
Mahima Real Estate Private Limited,1200000
Siara Engineering Private Limited,1200000
Htc Holdings Private Limited,1200000
R P Basmati Rice Limited,1200000
Statestreet Hcl Services (India) Private  Limited,1200000
Axiscades Engineering Technologies Limited,1200000
Obeetee Private Limited,1200000
P S Atree And Co Private Limited,1200000
Base Educational Services Private Limited,1200000
Ims Health Technology Solutions India Private Limited,1200000
Tata Asset Management Limited,1200000
Meso Private Limited,1197198
Lumax Dk Auto Industries Limited,1195000
K Patel Chemo-Pharma Private Limited,1193000
Kifs Securities Private Limited,1192000
Rajoo Engineers Limited,1191412
Bae Systems India (Services) Private Limited,1190424
Oc Specialities Private Limited,1179851
Kals Distilleries Private Limited,1179000
Verisign Services India Private Limited,1178286
Dharam Pal Prem Chand Ltd,1176185
Beam Global Spirits & Wine (India) Private Limited,1173000
Best Foods Limited,1168000
Ratilal Bhagwandas Construction Company P Ltd,1162100
Acrysil Limited,1161825
Sling Media Private Limited,1160000
Anika International Private Limited,1159000
Indian Machine Tool Manufacturers Association,1155826
Mrc Transolutions Private Limited,1155000
Jagruti Sugar & Allied Industries Limited,1154010
Music Broadcast Limited,1154000
Srinivasa Hatcheries Limited,1150000
O E N India Ltd,1149000
Murudeshwar Power Corporation Limited,1145000
Kakatiya Cement Sugar And Industries Limited,1143000
Mphasis Limited,1140000
Matrix Comsec Private Limited,1136425
Gujarat Credo Mineral Industries Limited,1135000
Grasim Bhiwani Textiles Limited,1135000
Hitesh Plastics Private Limited,1134735
Mashobra Resort Limited,1133832
West Bengal Industrial Development Corpn  Ltd,1132000
Microsoft Research Lab India Private Limited,1128300
Vadinar Oil Terminal Limited,1124000
Chowgule And Company (Salt) Private Limited,1118000
Lancor Holdings Limited,1116275
Crest Premedia Solutions Private Limited,1115000
Montecarlo Limited,1111000
Asian Hotels (West) Limited,1110000
The Cotton Corporation Of India Limited,1109868
Mukesh Babu Financial Services Limited,1107000
Seyad Home Industries Private Limited,1107000
Shri Ashutosh Structures Private Limited,1100000
Tata Trustee Company Limited,1100000
Indo Farm Equipment Limited,1100000
Louisiana Investment & Finance Private Limited,1100000
Cheviot International Limited,1100000
Pentel Stationery (India) Private Limited,1100000
Epc Industrie Limited,1099980
Merino Industries Limited,1094000
Hitachi Hi-Rel Power Electronics Private Limited,1090000
V Star Creations Private Limited,1089939
Srikalahasthi Pipes Limited,1086273
Reddy Structures Private Limited,1084283
A R B Bearings Limited,1084000
Shweta Infrastructure And Housing (India) Private Limited,1083048
Michell Bearings (India) Private Limited,1076079
Vlcc Personal Care Limited,1069389
Chirag Assocaites Private Limited,1064000
Veer Overseas Limited,1063650
Vippy Industries Limited,1057046
Sahyadri Industries Limited.,1057000
Vardhman Industries Limited,1055450
Vision Sponge Iron Private Limited,1050597
Shri Shakti Schools Pvt Ltd.,1050000
Freewill Sports Private Limited,1050000
Dresser Valve India Private Limited,1046205
Banswara Syntex Ltd,1038000
Hurix Systems Private Limited,1025000
Ingenero Technologies (India) Private Limited,1024000
Pudumjee Pulp And Paper Mills Limited,1020000
Tuv India P Ltd,1018000
Ford Motor Private Limited,1014500
Enpro Industries Private Limited,1011000
Bmd Private Limited,1010000
Jekay International Track Pvt. Ltd.,1010000
Solvay Specialities India Private Limited,1010000
Infosoft Global Private Limited,1005000
Concordia International (India) Services Private Limited,1003302
Shoft Shipyard Private Limited,1003000
C L Gupta Exports Limited,1000220
Deccan Mechanical And Chemical Industries Private Limited,1000000
Dipco Estates Private Limited,1000000
Better Value Holdings Private Limited,1000000
Gulf Oil Lubricants India Limited,1000000
Sakal Papers Private Limited,1000000
Supriya Lifescience Limited,1000000
Vf Brands India Private Limited,1000000
D B Engineering Private Ltd,1000000
Menon Pistons Limited,1000000
Pruksa India Housing Private Limited,1000000
Mahalakshmi Infraprojects Limited,1000000
Dsp Blackrock Investment Managers Private Limited,1000000
Elegant Marbles And Grani Industries Limited,1000000
Super Sales India Limited,1000000
Talbros Automotive Components Limited,1000000
Renaissance Asset Management Company Private Limited,1000000
Extreme Networks India Private Limited,1000000
Shingora Textiles Limited,1000000
Saptagir Camphor Limited,1000000
Talbros International Limited,1000000
Sanand Properties Private Limited,1000000
Joonktollee Tea & Industries Ltd.,997000
Ceb India Private Limited,996410
Mitsubishi Hitachi Power Systems India Private Limited,993916
Elantas Beck India Limited,993000
Microland Limited,985000
Ncc Limited,970000
Assystem Technologies India Private Limited,968000
Avantel Limited,963519
Kanoria Chemicals & Industries Ltd,960000
Raheja Universal (Pvt) Limited,960000
Braithwaite & Co Ltd,958000
Minda Sai Limited,956000
Autonomy Software Asia Private Limited,955054
Inani Marbles And Industries Ltd.,953000
R.V. Investment And Dealers Ltd,950500
Unicorn Natural Products Limited,950000
Fluidomat Limited,950000
Esab India Limited,948000
Shreyans Industries Limited,948000
Coface India Credit Management Services Private Limited,945000
Ambuja Intermediates Limited,938311
Bothra Shipping Services Private Limited,936124
Yesha Electricals Private Limited,935000
Shriram City Union Finance Limited,932543
Geometric Limited,932326
Fluor Daniel India Private Limited,925258
Harbinger Systems Private Limited,925000
Kotak Mahindra Investments Limited,922000
Bannari Amman Spinning Mills Limited,919848
Srinivasa Farms Private Limited,907000
Bss Microfinance Private Limited,902000
The Printers (Mysore) Private Limited,900589
M Pallonji Shipping Pvt Ltd,900178
Ags Transact Technologies Limited,900000
Pioneer Urban Land & Infrastructure Limited,899022
Hindustan Colas Private Limited,888402
Tractebel Engineering Private Limited,885838
Hll Lifecare Limited,880000
Hirotec India Private Limited,877500
Cybele Industries Limited,876000
General Industrial Controls Pvt Ltd,876000
Bhandari Automobiles Private Limited,872900
Hikal Limited,870000
Enam Asset Management Company Private Lmited,865690
Organic India Private Limited,864635
Standard Greases And Specialities Private Limited,863179
Clean Science And Technology Private Limited,861000
Sodium Metal Pvt Ltd,860000
Sundaram Dynacast Private Limited,860000
Hemani Chemiorganic Private Limited,850000
Jet Age Securities Pvt Ltd,840000
Geoenpro Petroleum Limited,840000
Indapur Dairy And Milk Products Limited,839014
Lease Plan India Private Limited,834928
Greenply Industries Ltd,828000
Ava Cholayil Health Care Private Limited,825000
Mastercard Mobile Transactions Solutions Private Limited,820950
Aspinwall And Company Limited,820000
Jai India Weaving Mills Private Limited,817331
Crossdomain Solutions Private Limited,816709
Vacmet India Limited,816377
Tranquil Realty Private Limited,814797
Ifb Agro Industries Ltd.,805000
Golkunda Diamonds And Jewellery Limited,805000
Brightstar Infrastructure Private Limited,802624
Futura Bioplants Private Limited,802550
Suraj Limited,800750
Axiscades Aerospace & Technologies Private Limited,800000
Rohit Iron And Steel (India) Private Limited,800000
Quest Global Engineering Private Limited,800000
United Decoratives Pvt Ltd,800000
Ralson (India) Limited,800000
Anant Commodities Private Limited,800000
Kirtivardhan Finvest Services Limited,800000
Freight Connection India Private Limited,800000
Semikron Electronics Private Limited,800000
Weir Minerals (India) Private Limited.,798860
Software Paradigms Infotech Private Limited,795825
Satia Industries Limited,792000
Biochemical And Synthetic Products Private Limited,791000
Axis Electrical Components (India) Private Limited,790347
J.S.Four Wheel Motors Private Limited,789225
Shubham Goldiee Masale Private Limited,784133
Shivam Autotech Limited,783000
Span India Pvt Ltd,780750
Rehabilitation Plantations Limited,780000
Rsm Autokast Limited,776000
Sree Akkamamba Textiles Ltd,767587
Fena Private Limited,766000
Pennar Engineered Building Systems Limited,760000
Tgb Banquets And Hotels Limited,758000
Minda Industries Limited,752000
Anik Industries Limited,751000
Premier Evolvics Private Limited,750000
Premier Mills Private Limited,750000
Grand Royale Enterprises Limited,750000
Kennametal Shared Services Private Limited,750000
Altair Engineering India Private Limited,750000
Jet Age Finance Pvt. Ltd.,750000
Nanded City Development And Construction Company Limited,750000
Lanxess India Private Limited,750000
Agni Steels Private Limited,749051
Sarda Energy & Minerals Limited,747000
Antares Systems Limited,744219
Pnb Housing Finance Limited,741606
Satin Creditcare Network Limited,739519
Man Industries (India) Limited,739000
Ifci Venture Capital Funds Limited,735705
Trianz Holdings Private Limited,730000
Lanco Thermal Power Limited,730000
Sonus Networks India Private Limited,723368
Tamilnadu Magnesite Limited,721722
Bajaj Motors Limited,720851
Signode India Limited,718000
Bmr Business Solutions Private Limited,715300
Vadamalayan Hospitals Private Limited.,714000
Allscripts (India) Private Limited,712732
Tirupati Sarjan Limited,712547
Gaursons India Limited,710772
Ramkrishy Infrastructure Private Limited,710533
Tata Ficosa Automotive Systems Private Limited,710000
Nidec Industrial Automation India Private Limited,708231
Maharashtra Enviro Power Limited,705901
Ashida Electronics Private Limited,705504
Sai Life Sciences Limited,702100
Avalokiteshvar Valinv Limited,700000
Tata Value Homes Limited,700000
Avinash Developers Private Limited,700000
Dte Exports Pvt Ltd,700000
Archies Limited,700000
Garware Industriees Limited,700000
Pon Pure Chemical India Private Limited,700000
Manugraph India Limited,700000
Gloster Limited,700000
Mitsu Private Limited,700000
Mixon Holdings Private Limited,700000
Stock Holding Corporation Of India Limited,700000
Aries Organics Private Limited,700000
Tata Motors Finance Limited,700000
Shasun Pharmaceuticals Limited,700000
Honour Lab Limited,696289
Tata Motors Insurance Broking And Advisory Services Limited,696117
Gina Engineering Company Private Limited,692942
Indian Sugar Exim Corporation Ltd.,681412
Integral Biosciences Private Limited,675000
Impetus Infotech (India) Private Limited,671000
Saint-Gobain Sekurit India Limited,665000
Mysore Paints And Varnish Limited,664778
Hindusthan Urban Infrastructure Limited,663000
Virchow Biotech Private Limited,661500
Ciena Communications India Private Limited,659017
Vardhman Pharma Distributors Private Limited,658000
Dalmia Cement East Limited,657404
Johnson Controls Automotive Limited,650000
Nazareth Foods Private Limited,647000
Vishnu Chemicals Limited,646526
Biltech Building Elements Limited,646060
Sagar Cements Ltd,636575
Inspiron Engineering Private Limited,636000
Acg Pampac Machines Private Limited,635640
Tvs Upasana Limited,635000
Paradeep Phosphates Ltd,632000
Ganesha Ecosphere Limited,632000
Vishnu Prakash R Punglia Limited,628900
Indo Count Industries Limited,627314
Nj Indiainvest Private Limited,625000
Beehive Communications Private Limited,625000
M.P. Agrotonics Limited,620000
L&T; Construction Equipment Limited,618000
Aparna Enterprises Limited,615000
Indian Railway Catering And Tourism Corporation Limited,613794
Megger (India) Private Limited,610000
3D Plm Software Solutions Limited,608750
Qburst Technologies Private Limited,602398
Omron Automotive Components India Private Limited.,600000
L&T; Hydrocarbon Engineering Limited,600000
Overseas Polymers Private Limited,600000
Af-Taab Investment Company Limited,600000
Angel Commodities Broking Pvt Ltd,600000
Rj Corp Limited,600000
Bachhraj Factories Private Limited,600000
Altico Capital India Private Limited,600000
Stci Finance Limited,600000
Fiem Industries Limited,600000
Medall Healthcare Private Limited,600000
Axis Bank Limited,600000
Flow Link Systems Private Limited,600000
Kpmg Resource Centre Private Limited,597000
Green Infra Btv Limited,592459
Komatsu India Private Limited,590991
Emerson Process Management Power And Water Solutions India Private Limited,585000
Bechtel India Private Limited,584640
Great Galleon Ventures Limited,584000
Spectra Products Private Limited,580000
Trissur Sand And Gravel Pvt Ltd,578300
Asm Technologies Limited,576000
Sankhla Vinyl Private Limited,575989
E I Dupont India Private Limited,575620
Transport Corporation Of India Limited,575436
Kotak Mahindra Prime Limited,574200
Tata Sponge Iron Limited,572000
Tokyo Plast International Ltd,572000
Vlcc Health Care Limited,570000
Kakinada Seaports Limited,565910
Hero Corporate Service Private Limited,554000
Hindustan Tin Works Limited,550000
Stelco Limited,550000
Imi Mobile Private Limited,550000
Regency Nirman Limited,550000
Sree Narasimha Textiles Private Limited,550000
Igopl Offshore Private Limited,540000
Sharda Cropchem Limited,535000
Godrej Properties Limited,525000
Bmw Industries Limited,525000
Mspl Limited,522522
Aditi Technologies Private Limited,522000
Real Technical Solutions Private Limited,521448
Flometallic India Private Limited,520000
Acg Pharmapack Private Limited,520000
Gujarat Automotive Gears Limited,510560
Sanmina-Sci India Private Limited,510034
Roots Multi Clean Limited,503336
H-One India Private Limited,500000
Rsm Builders & Securities Private Limited,500000
Adventz Finance Private Limited,500000
Birla Ericsson Optical Limited,500000
Evry India Private Limited,500000
Intense Technologies Limited,500000
Lgc Promochem India Private Limited,500000
Iic Technologies Limited,500000
Vijaynagar Bio-Tech Private Limited,500000
Dhampur Sugar Mills Limited,500000
Agson Global Private Limited,500000
Danieli Corus India Private Limited,500000
Talbros Engineering Limited,500000
Pudhari Publications Private Limited,500000
Spinco Biotech Private Limited,500000
Spincotech Private Limited,500000
Sonic Biochem Extractions Limited,500000
Rangoli Portfolio Private Limited,500000
Simpson And Company Limited,500000
Indian Potash Limited,500000
Tafe Access Limited,500000
Ampa Housing Development Private Limited,500000
Allcargo Logistics Limited,500000
Tieto It Services India Private Limited,500000
Saama Technologies (India) Private Limited,500000
Vmt Spinning Company Limited,500000
Allied Blenders And Distillers Private Limited,500000
Viswaat Chemicals Limited,500000
Dosti Land Developers Pvt Ltd,500000
Altitude Investments Private Limited,500000
Mtl Instruments Private Limited,494960
Bhimrajka Impex Limited,486000
Kumar Organic Products Limited,483000
Rohini Minerals Private Limited,480000
Igarashi Motors India Limited,480000
Gravita India Limited,479194
Arvindbhai Bechardas Jewellers Private Limited,475211
Hinduja Global Solutions Limited,475000
Ludhiana Beverages Private Limited,468000
Sbi Macquarie Infrastructure Management Private Limited,462600
Magma Fincorp Limited,461000
Adhunik Industries Limited,451000
Meenakshi Narayanan Investments Private Limited,450000
Apurva Natvar Parikh & Co Private Limited,450000
Rohm And Haas (India) Private Limited,450000
Utstarcom India Telecom Private Limited,450000
Posh Chemicals Private Limited,450000
Maharashtra State Seeds Corporation Limited,449000
Saurer Textile Solutions Private Limited,447042
Mahavir Die Casters Pvt. Ltd.,437000
Billroth Hospitals Limited,433000
Paschim Gujarat Vij Company Limited,430675
Nirmal Bang Securities Private Limited,420000
Mohan Overseas Private Limited,420000
Colruyt It Consultancy India Private Limited,419800
Vital Construction Private Limited,415461
K.P.R. Mill Limited,415000
Tnq Books & Journals Private Limited,413850
Ncl Wintech India Limited,408091
Gocl Corporation Limited,407000
Shree Agencies P. Ltd. (Transfrom From Culcutta To Rajasthan,402884
Utkarsh India Limited,400000
Best It World (India) Private Limited,400000
Interocean Shipping (India) Private Limited,400000
Mangalore Electricity Supply Company Limited,400000
Frick India Limited,400000
Panchsheel Investment Company (A Pvt.Co.With Unlimited Liability),400000
Britannia Dairy Private Limited,400000
Ador Powertron Limited,400000
Sua Explosives Andaccessories Private Limited,398000
Diffusion Engineers Limited,393950
Sangam (India) Limited,392000
Tata Autocomp Systems Limited,379000
Intertek India Private Limited,373372
Essen Multipack Limited,370200
Rushil Decor Limited,355401
Harmony Plastics Private Limited,351365
Bry- Air (Asia) Private Limited,350288
Laxmi Publications Private Limited,350000
Ferro Scrap Nigam Limited,350000
The State Trading Corporation Of India Limited,350000
Shalimar Paints Ltd,347000
La Opala R G Limited,347000
Flight Raja Travels Private Limited,345850
Exfo Electro-Optical Engineering India Private Limited,341939
Synechron Technologies Private Limited,341782
Stahl India Private Limited,337340
E.I.D Parry (India) Limited,333000
Mahamaya Steel Industries Limited,330682
Sree Sakthi Paper Mills Limited,325000
Carl Bechem Lubricants (India) Private Limited,324765
Dai-Ichi Karkaria Limited,318000
Tamilnadu Fisheries Development Corporation Limited,317250
Induss Food Products & Equipments Limited,312000
I G Petrochemicals Limited,311000
Silver Touch Technologies Limited,310529
Mafatlal Industries Limited,310000
Tt Electronics Sensing And Control India  Private Limited,308875
Idfc Alternatives Limited,305000
Phoenix Lamps Limited,304895
Omr Bagla Automotive Systems India Limited,300000
Tamilnadu Minerals Limited,300000
Raghu Trading And Investment Company Private Limited,300000
Magnet Labs Private Limited,300000
Pc Solutions Private Limited,300000
Emami Agrotech Limited,300000
Accutest Research Laboratories India Private Limited,300000
International Combustion (India) Ltd,300000
Exide Industries Limited,300000
Deutsche India Holdings Private Limited,300000
Baramati Cattlefeeds Pvt Ltd,300000
Hamilton & Company Limited,300000
Cht (India) Private Limited,300000
Arunachala Logistics Private Limited,300000
Big Bags International Private Limited,300000
Jsw Praxair Oxygen Private Limited,300000
Advanced Enzyme Technologies Limited,300000
Kewaunee Labway India Private Limited,299000
Everest Industries Limited,299000
Green Infra Wind Energy Limited,295132
Marketing Communication & Advertising Limited,294000
Piccadily Holiday Resorts Limited,293928
Tci Finance Limited,285075
Craftsman Automation Private Limited,285000
Zs Associates India Private Limited,284400
L V S Power Private Limited,284000
Liberty Shoes Limited,281858
Gujarat Road And Infrastructure Company Limited,280000
Sambandam Spinning Mills Limited,280000
Avt Mccormick Ingredients Private Limited,278199
Forech India Private Limited,275000
Ruchi Global Limited,275000
Arris Group India Private Limited,272500
Indiana Gratings Private Limited,271000
Sucden India Private Limited,271000
Fedbank Financial Services Limited,258500
Vijay Tanks And Vessels Private Limited,255000
Vinyas Innovative Technologies Private Limited,255000
Petronet Cck Limited,251000
Nosch Labs Private Limited,250000
Unitech Limited,250000
Intas Pharmaceuticals Limited,250000
Allied Nippon Ltd.,250000
Gumpro Drilling Fluids Private Limited,249057
Jindal India Thermal Power Limited,246000
Otsuka Chemical (India) Private Limited,245000
Brijwasi Bullions And Jewellers Private Limited (Transfered From Up),241660
Rajasthan Prime Steel Processing Center Private Limited,240376
Versatile Enterprises Pvt Ltd,240300
Fossil India Private Limited,237702
Intec Capital Limited,235000
Talisma Corporation Private Limited,229600
Emerson Electric Company (India) Private  Limited,228000
Powermaster Engineers Private Limited,227000
Globion India Private Limited,220000
Jetair Private Limited,220000
Betex India Limited (Co Tr From Maha ),218000
Uvj Technologies Private Limited,214780
Deloitte Consulting India Private Limited,209546
Mangala Ispat (Jaipur) Limited,206000
Topsel Pvt Ltd,205309
Exl Service.Com(India) Private Limited,203750
Dickinson Fowler Private Limited,203054
Hardcastle Petrofer Private Limited,200000
Vulkan Technologies Private Limited,200000
Wendt India Limited,200000
Oren Hydrocarbons Private Limited,200000
Astha Projects (India ) Private Limited,200000
Edelweiss Finance & Investments Limited,200000
Nucleus Software Exports Limited,200000
Muthoot Vehicle & Asset Finance Limited,200000
Emerson Process Management (India) Private Limited,200000
Rambagh Palace Hotel Private Limited,200000
Mitsubishi Heavy Industries-Vst Diesel Engines Private Limited,199505
Silver Realties And Infrastructure Private Limited,199000
Sac Engine Components Private Limited,194100
D P Jain And Co Infrastructure Private Limited,192270
Ventura ( India ) Private Limited,192000
Prime Property Development Corporation Limited,188252
Molex (India) Private Limited,187369
Pennar Industries Limited,187000
Vijayawada Tollway Private Limited,184345
Polyhydron Private Limited,180000
Ankur Scientific Energy Technologies Pvt  Ltd,171000
Neelachal Ispat Nigam Ltd,170055
The Ktm Jewellery Limited,167325
Connectwell Industries Private Limited,164000
Rm Education Solutions India Private Limited,163592
Ifb Industries Ltd,160000
Advik Hi-Tech Private Limited,155721
Prima Products Private Limited,155000
Tropical Clothing Company Private Limited,155000
Smartchem Technologies Limited,154220
Barbrik Project Limited,153500
Lg Soft India Private Limited,152813
Hnb Engineers Private Limited,151000
Nandi Roller Flour Mills Private Limited,151000
Sugam Parivahan Private Limited,150000
Sai Consulting Engineers Private Limited,150000
Seco Tools India Private Limited,150000
National Trust Housing Finance Limited,150000
Omni Lens Pvt Ltd,147666
J V Gokal And Company Private Limited,145099
Clifford Chance Business Services Private Limited,143460
Acg Inspection Systems Private Limited,140000
Sri Venkata Sivaparvathi Spinning Mills Private Limited,140000
Transformers And Rectifiers (India) Limited,136000
Creamline Dairy Products Ltd.,132884
Herrenknecht India Private Limited,130180
York Print Private Limited,130000
Intrasoft Technologies Limited,123800
Natural Remedies Private Limited,122931
Niraj Industries Private Limited,120000
Cognizant Global Services Private Limited,119000
T S Alloys Limited,118000
Gupshup Technology India Private Limited,115000
Honda Trading Corporation India Private Limited,109800
Religare Housing Development Finance Corporation Limited,109400
Il&Fs; Milestone Realty Advisors Private Limited,109147
Skipperseil Limited,109000
Sk E&C; India Private Limited,108728
Sharekhan Commodities Private Limited,106486
Elecon Epc Projects Limited.,105000
Zylog Plastalloys Private Limited,102000
Cadila Pharmaceuticals Limited,102000
Strassenburg Pharmaceuticals Ltd.,100000
AJNARA INDIA LIMITED,100000
Electronica Finance Limited,100000
Shree Uttam Steel And Power Limited,100000
Prince Swr Systems Private Limited,100000
Oerlikon Textile India Private Limited,100000
Skyline Foundations And Structures Private Limited,100000
Rrhl Realty Limited,100000
Rmc Gems India Limited,100000
Thakur Savadekar And Company Private Limited,100000
Parker Multi-Commodities (India) Private Limited,100000
Apar Industries Limited,100000
Edelweiss Finvest Private Limited,100000
Escapade Resorts Pvt Ltd,100000
Dhanuka Laboratories Limited,100000
Avendus Capital Private Limited,99000
Smec (India) Private Limited,98000
Wuerth Elektronik India Private Limited,97673
Swiss Re Shared Services (India) Private Limited,97000
Bajaj Electricals Limited,95000
East India Udyog Ltd,92000
Sungard Solutions Software (India) Private Limited,88253
Kriti Industries (India)Limited,87000
Magna Electro Castings Limited,81000
Mungi Engineers Private Limited,80000
Apt Infrastructure Private Limited,80000
Rmsi Private Limited,80000
Sidhhartha Corporation Private Limited,77617
Ucam Private Limited,72500
Indsil Hydro Power And Manganese Limited,66000
Natraj Proteins Limited,63650
Kmv Projects Limited,60000
Lemon Tree Land & Developers Private Limited,58782
Axa Technologies Shared Services Private Limited,54000
R.R.Thulasi Builders (India) Private Limited,52000
Nseit Limited,51367
Gayatrishakti Paper & Boards Limited,51000
Alchemy Capital Management Private Limited,50000
Navdeep Chemicals Private Limited,50000
Umsl Limited,50000
Salona Cotspin Limited,48320
Indo- National Limited,46056
Bodal Chemicals Limited,44700
Positive Packaging Industries Limited,44660
Filatex India Ltd(Tr.Co.From Delhi),41798
Hitachi Home And Life Solutions (India ) Limited,41000
Astec Lifesciences Limited,41000
South Asia Fm Limited,40000
Mepco Industries Limited,39359
Control Techniques India Private Limited,38856
Idfc Securities Limited,38000
Dakshin Gujarat Vij Company Limited,35000
Gaursons Hi-Tech Infrastructure Private Limited,26938
Dotex International Limited,26861
Rswm Limited,26000
Pooja Forge Limited,25000
Seven Islands Shipping Limited,25000
Distant Frontiers Tours Private Limited,23049
Orient Fashion Exports (India) Private Limited,21000
Capita India Private Limited,21000
Nabard Financial Services Limited,20000
Maheshwari (Thaltej) Complex Private Limited,16500
Agility Logistics Private Limited,16000
Amr Power Private Limited,15080
Lapp India Private Limited,15000
Mink Tradecom Private Limited,15000
Dss Imagetech Private Limited,12200
Gujarat Ambuja Exports Limited,11000
Aimil Limited,10450
Arjuna Natural Extracts Ltd,10000
Tmf Holdings Limited,9177
City Corporation Limited,8260
Family Credit Limited,8000
Adhunik Infrastructures Private Limited,5580
The Kumbakonam Mutual Benefit Fund Limited,5250
Tempel Precision Metal Products India Private Limited,5000
Parveen Industries Pvt Ltd,2400
Emco Limited,2000
Mahle Filter Systems (India) Private Limited,1770
Lakshya Food (India) Limited,1030
Odisha Hydro Power Corporation Limited,135
Kse Limited,30
Kpmg Global Delivery Center Private Limited,21
Bimetal Bearings Limited,15
Navi Mumbai Sez Private Limited,14
Devi Sea Foods Limited,11
Grm Overseas Limited (Ltd. Co. With Part Ix),10
Hindustan Syringes And Medical Devices Limited,10
Rex-Tone Industries Limited,8
Sree Satyanarayana Spinning Mills Ltd,8
Sanzyme Private Limited,7
Wires And Fabriks (Sa) Ltd,6
Universal Medicare Private Limited,2
Karnataka Plastoo Industries Private Limited,2
Miraj Products Private Limited,2
Broadcom Communications Technologies Private Limited,1
Zen Tradelink Private Limited,1
Durovalves India Private Limited,0
Nahar Poly Films Limited,0
Cbc Corporation (India) Private Limited,0
Sms Shivnath Infrastructure Private Limited,0
Sri Nukala Rama Koteswara Rao Textiles Private Limited,0
Jupiter Life Line Hospitals Limited,0
The Industrial Development Corporation Of Odisha Limited,0
Dar Al-Handasah Consultants (Shair & Partners) India Private Limited,0
R.M.Chemicals Pvt Ltd,0
Eye Foundation Limited,0
Andhra Pradesh Heavy Machinery And Engineering Ltd,0
Andhra Pradesh Gas Power Corporation Limited,0
Varroc Polymers Private Limited,0
Ankit India Limited,0
Shreehari Associates Private Limited,0
Indiabulls Commercial Credit Limited,0
Lotus Wireless Technologies India Private Limited,0
Samkrg Pistons And Rings Limited,0
Covidien Healthcare India Private Limited,0
Spicer India Private Limited,0
Omnicom Media Group India Private Limited,0
San Engineering And Locomotive Company Limited.,0
D.S.R. Infrastructure Private Limited,0
Kumaragiri Spinnerss Private Limited,0
Rudolf Atul Chemicals Limited,0
Swiss Glascoat Equipments Limited,0
Alstom T & D India Limited,0
Alstom India Limited,0
Deepkiran Foods Private Limited,0
Computer Sciences Corporation Business Process Services India Private Limited,0
Mahesh Edible Oil Industries Limited,0
Shree Ram Colloids Private Limited,0
Western Drugs Limited,0
Rishabh Constructions Private Limited,0
Bma Stainless Limited,0
Infinity Infotech Parks Limited,0
Shalimar Wires Industries Limited,0
West Bengal State Seed Corpn Ltd,0
Schott Kaisha Private Limited,0
Pacific Industries Limited,0
Bas Engineering Private Limited,0
Chhattisgarh Rajya Van Vikas Nigam Limited,0
Piaggio Vehicles Private Limited,0
Jade Blue Lifestyle India Limited,0
Loyal Textile Mills Limited,0
Sita Information Networking Computing (India) Private Limited,0
Beardsell Limited,0
Bellflower Properties Private Limited,0
Sree Annapoorna Sree Gowrishankar Hotels  Private Limited,0
Industrial And Prudential Investment Company Limited,0
Nehru Place Hotels And Real Estates Private Limited,0
Electro Pneumatics And Hydraulics (India) Pvt Ltd,0
Sunworld Developers Private Limited,0
Itares Shoes Private Limited,0
Moody International (India) Private Limited,0
Aksh Optifibre Limited,0
Citland Commercial Credits Limited,0
New Consolidated Construction Company Limited,0
U P Purva Sainik Kalyan Nigam Limited,0
Yajur Commodities Limited,0
Metlloy Trading Services Private Limited,0
A V Thomas Leather & Allied Products Private Limited,0
Nectar Beverages Private Limited,0
Cirex Pharmaceuticals Limited,0
Pharmazell (India) Private Limited,0
Sadbhav Infrastructure Project Limited,0
Roto Pumps Limited,0
R.K. Infracorp Private Limited,0
Dnp Limited,0
Intellect Design Arena Limited,0
Ayushajay Construction Private Limited,0
Cello Writing Instruments And Containers  Private Limited,0
Svs Mookambika Constructions Private Limited,0
Applabs Technologies Private Limited,0
Lucy Electric India Private Limited,0
Venus Home Appliances Private Limited,0
Leather Crafts (India) Private Limited,0
Amadeus Software Labs India Private Limited,0
Keystone Infra Private Limited,0
Delhi Msw Solutions Limited,0
Unimed Health Care Private Limited,0
Sealwel Corporation Private Limited,0
Ushodaya Enterprises Private Limited,0
Spacenet Enterprises India Limited,0
Digboi Carbon Private Limited,0
Calderys India Refractories Limited,0
Proconnect Supply Chain Solutions Limited,0
Cyberabad Convention Centre Private Limited,0
Monotech Systems Limited,0
Manali Petrochemicals Limited,0
Rane Engine Valve Limited,0
Neeyamo Enterprise Solutions Private Limited,0
Chennai Metro Rail Limited,0
Kriti Nutrients Limited,0
Ruchi Infrastructure Limited,0
Rasi Tex India Private Limited,0
Brillio Technologies Private Limited,0
Microchip Technology (India) Private Limited,0
Chamundeswari Build-Tech Private Limited,0
Sonata Information Technology Limited,0
Rohan Dyes And Intermediates Ltd,0
Kpl Exports Private Limited,0
Kanpur Plastipack Limited,0
Misys Software Solutions (India) Private  Limited,0
Promac Engineering Industries Limited,0
Indus Tmt Industries Limited,0
Nahar Capital And Financial Services Limited,0
Nahar Industrial Enterprises Limited,0
Nahar Spinning Mills Ltd,0
K-12 Education Management Private Limited,0
Mysore Polymers And Rubber Products Limited,0
Metricstream Infotech (India) Private Limited,0
Neogenetics Foods Private Limited,0
Pjl Clothing (India) Private Limited,0
Kiranmani Diamonds Private Limited,0
Jubilant Energy Private Limited,0
Teva Api India Private Limited,0
Gujarat Polyfilms Private Limited,0
Firefox Bikes Private Limited,0
Store One Retail India Limited,0
S M I Coated Products Private Limited,0
Kandagiri Spinning Mills Limited,0
Sony India Software Centre Private Limited,0
Smruthi Organics Ltd,0
Kiran Gems Private Limited,0
Jupiter Laminators Private Limited,0
Vast Integrated Services Limited,0
Medi Assist India Tpa Private Limited,0
Fnf India Private Limited,0
Mahalaxmi Tmt Private Limited,0
