,SNo.,company,amount
0,1,Dsp Merrill Lynch Capital Limited,"31,480,000.00"
1,2,V I P Industries Limited,"25,000,000.00"
2,3,Indiabulls Housing Finance Limited,"18,160,769.00"
3,4,Tata Consultancy Services Limited,"16,800,000.00"
4,5,Idfc Limited,"16,320,319.95"
5,6,Gharda Chemicals Limited,"14,990,000.00"
6,7,Tata Investment Corporation Limited,"12,000,000.00"
7,8,Anu Projects Consultants And Engineers Pvt Ltd,"10,510,000.00"
8,9,Shamyak Investment Private Limited,"10,000,000.00"
9,10,Credit Suisse Finance (India) Private Limited,"9,090,942.00"
10,11,Bachhraj And Company Private Limited,"9,000,000.00"
11,12,Housing Development Finance Corporation Limited,"8,500,000.00"
12,13,Jamnalal Sons Private Limited,"6,500,000.00"
13,14,Icici Bank Limited,"6,174,000.00"
14,15,Kotak Mahindra Bank Limited,"5,320,000.00"
15,16,Powerlinks Transmission Limited,"5,315,000.00"
16,17,Novartis Healthcare Private Limited,"5,200,000.00"
17,18,Goldman Sachs (India) Finance Private Limited,"5,100,000.00"
18,19,Panama Petrochem Limited,"5,066,620.00"
19,20,Ambuja Neotia Holdings Private Limited,"5,000,000.00"
20,21,Novartis India Limited,"5,000,000.00"
21,22,Aesthetic Builders Private Limited,"5,000,000.00"
22,23,Citicorp Finance (India) Limited,"4,400,000.00"
23,24,Rational Art And Press Private Limited,"4,000,000.00"
24,25,Nyk Line (India) Private Limited,"3,006,000.00"
25,26,Tree House Education & Accessories Limited,"3,000,000.00"
26,27,Jk Tyre & Industries Limited,"3,000,000.00"
27,28,Infina Finance Private Limited,"3,000,000.00"
28,29,Ekta Housing Private Limited,"2,951,000.00"
29,30,Trent Limited,"2,600,000.00"
30,31,Bajaj Sevashram Private Limited,"2,500,000.00"
31,32,Kc Maritime (India) Limited,"2,500,000.00"
32,33,Marquis Technologies Private Limited,"2,500,000.00"
33,34,Winro Commercial (India) Ltd,"2,500,000.00"
34,35,Synergia Life Sciences Private Limited,"2,500,000.00"
35,36,Capital First Limited,"2,500,000.00"
36,37,La-Fin Financial Services Private Limited,"2,500,000.00"
37,38,T-3 Energy Services India Private Limited,"2,492,701.00"
38,39,Rabo India Finance Limited,"2,328,020.00"
39,40,Avacado Properties And Trading (India) Private Limited,"2,150,000.00"
40,41,Tata Capital Housing Finance Limited,"2,013,000.00"
41,42,Indusind Bank Ltd.,"2,000,000.00"
42,43,Clix Capital Services Private Limited,"1,868,000.00"
43,44,My Healthskape Medicals Private Limited,"1,814,965.00"
44,45,Lkp Finance Limited,"1,750,000.00"
45,46,Tsr Darashaw Limited,"1,720,400.00"
46,47,Dsl Hydrowatt Limited,"1,600,000.00"
47,48,Alco Company Private Limited,"1,600,000.00"
48,49,Byramjee Jeejeebhoy Private Limited,"1,571,800.00"
49,50,Citec Engineering India Private Limited,"1,557,120.00"
50,51,Procter & Gamble Hygiene And Health Care Limited,"1,500,000.00"
51,52,J B Chemicals And Pharmaceuticals Limited,"1,500,000.00"
52,53,Star Chemicals (Bombay) Private Limited,"1,500,000.00"
53,54,Jsw Holdings Limited,"1,496,069.00"
54,55,Western Outdoor Interactive Private Limited,"1,414,000.00"
55,56,Apax Partners India Advisers Private Limited,"1,374,444.00"
56,57,Hi-Tech Systems & Services Ltd.,"1,342,717.00"
57,58,Marwah Steels Private Limited,"1,276,900.00"
58,59,Louisiana Investment & Finance Private Limited,"1,100,000.00"
59,60,Lubrizol Advanced Materials India Private Limited,"1,096,661.00"
60,61,Akzo Nobel India Limited,"1,070,000.00"
61,62,Rashtriya Chemicals And Fertilizers Limited,"1,050,000.00"
62,63,Hurix Systems Private Limited,"1,025,000.00"
63,64,Ingenero Technologies (India) Private Limited,"1,024,000.00"
64,65,Concordia International (India) Services Private Limited,"1,003,302.00"
65,66,Tata Trustee Company Limited,"1,000,000.00"
66,67,L&T; Finance Holdings Limited,"989,000.00"
67,68,Temasek Holdings Advisors India Private Limited,"983,094.00"
68,69,Unicorn Natural Products Limited,"950,000.00"
69,70,Coface India Credit Management Services Private Limited,"945,000.00"
70,71,Meso Private Limited,"911,958.00"
71,72,M Pallonji Shipping Pvt Ltd,"900,178.00"
72,73,Hemani Chemiorganic Private Limited,"850,000.00"
73,74,Metrohm India Limited,"800,000.00"
74,75,Freight Connection India Private Limited,"800,000.00"
75,76,Axis Electrical Components (India) Private Limited,"790,347.00"
76,77,Enam Asset Management Company Private Lmited,"761,000.00"
77,78,Grand Royale Enterprises Limited,"750,000.00"
78,79,Bmr Business Solutions Private Limited,"715,300.00"
79,80,Garware Industriees Limited,"700,000.00"
80,81,Tata Power Trading Company Limited,"686,000.00"
81,82,Ciena Communications India Private Limited,"659,017.00"
82,83,Beehive Communications Private Limited,"625,000.00"
83,84,Af-Taab Investment Company Limited,"600,000.00"
84,85,Bachhraj Factories Private Limited,"600,000.00"
85,86,Altico Capital India Private Limited,"600,000.00"
86,87,Kotak Mahindra Prime Limited,"574,200.00"
87,88,Srei Equipment Finance Limited,"500,000.00"
88,89,Stci Finance Limited,"500,000.00"
89,90,Dosti Land Developers Pvt Ltd,"500,000.00"
90,91,Altitude Investments Private Limited,"500,000.00"
91,92,Bhimrajka Impex Limited,"486,000.00"
92,93,Sbi Macquarie Infrastructure Management Private Limited,"462,600.00"
93,94,Apurva Natvar Parikh & Co Private Limited,"450,000.00"
94,95,Accutest Research Laboratories India Private Limited,"300,000.00"
95,96,Deutsche India Holdings Private Limited,"300,000.00"
96,97,Hamilton & Company Limited,"300,000.00"
97,98,Igopl Offshore Private Limited,"240,000.00"
98,99,Powermaster Engineers Private Limited,"227,000.00"
99,100,Jetair Private Limited,"220,000.00"
100,101,Edelweiss Finance & Investments Limited,"200,000.00"
101,102,Acg Inspection Systems Private Limited,"140,000.00"
102,103,Edelweiss Finvest Private Limited,"100,000.00"
103,104,Anika International Private Limited,"100,000.00"
104,105,Yesha Electricals Private Limited,"75,000.00"
105,106,Navdeep Chemicals Private Limited,"50,000.00"
106,107,Express Newspapers Private Limited,"7,500.00"
107,108,Indiabulls Commercial Credit Limited,0.00
108,109,Omnicom Media Group India Private Limited,0.00
109,110,Reliance Infrastructure Limited,0.00
